DRG Definition,Provider Id,Provider Name,Provider Street Address,Provider City,Provider State,Provider Zip Code,Hospital Referral Region Description, Total Discharges , Average Covered Charges , Average Total Payments ,Average Medicare Payments
039 - EXTRACRANIAL PROCEDURES W/O CC/MCC,10001,SOUTHEAST ALABAMA MEDICAL CENTER,1108 ROSS CLARK CIRCLE,DOTHAN,AL,36301,AL - Dothan,91,$32963.07,$5777.24,$4763.73
039 - EXTRACRANIAL PROCEDURES W/O CC/MCC,10005,MARSHALL MEDICAL CENTER SOUTH,2505 U S HIGHWAY 431 NORTH,BOAZ,AL,35957,AL - Birmingham,14,$15131.85,$5787.57,$4976.71
039 - EXTRACRANIAL PROCEDURES W/O CC/MCC,10006,ELIZA COFFEE MEMORIAL HOSPITAL,205 MARENGO STREET,FLORENCE,AL,35631,AL - Birmingham,24,$37560.37,$5434.95,$4453.79
039 - EXTRACRANIAL PROCEDURES W/O CC/MCC,10011,ST VINCENT'S EAST,50 MEDICAL PARK EAST DRIVE,BIRMINGHAM,AL,35235,AL - Birmingham,25,$13998.28,$5417.56,$4129.16
039 - EXTRACRANIAL PROCEDURES W/O CC/MCC,10016,SHELBY BAPTIST MEDICAL CENTER,1000 FIRST STREET NORTH,ALABASTER,AL,35007,AL - Birmingham,18,$31633.27,$5658.33,$4851.44
039 - EXTRACRANIAL PROCEDURES W/O CC/MCC,10023,BAPTIST MEDICAL CENTER SOUTH,2105 EAST SOUTH BOULEVARD,MONTGOMERY,AL,36116,AL - Montgomery,67,$16920.79,$6653.80,$5374.14
039 - EXTRACRANIAL PROCEDURES W/O CC/MCC,10029,EAST ALABAMA MEDICAL CENTER AND SNF,2000 PEPPERELL PARKWAY,OPELIKA,AL,36801,AL - Birmingham,51,$11977.13,$5834.74,$4761.41
039 - EXTRACRANIAL PROCEDURES W/O CC/MCC,10033,UNIVERSITY OF ALABAMA HOSPITAL,619 SOUTH 19TH STREET,BIRMINGHAM,AL,35233,AL - Birmingham,32,$35841.09,$8031.12,$5858.50
039 - EXTRACRANIAL PROCEDURES W/O CC/MCC,10039,HUNTSVILLE HOSPITAL,101 SIVLEY RD,HUNTSVILLE,AL,35801,AL - Huntsville,135,$28523.39,$6113.38,$5228.40
039 - EXTRACRANIAL PROCEDURES W/O CC/MCC,10040,GADSDEN REGIONAL MEDICAL CENTER,1007 GOODYEAR AVENUE,GADSDEN,AL,35903,AL - Birmingham,34,$75233.38,$5541.05,$4386.94
039 - EXTRACRANIAL PROCEDURES W/O CC/MCC,10046,RIVERVIEW REGIONAL MEDICAL CENTER,600 SOUTH THIRD STREET,GADSDEN,AL,35901,AL - Birmingham,14,$67327.92,$5461.57,$4493.57
039 - EXTRACRANIAL PROCEDURES W/O CC/MCC,10055,FLOWERS HOSPITAL,4370 WEST MAIN STREET,DOTHAN,AL,36305,AL - Dothan,45,$39607.28,$5356.28,$4408.20
039 - EXTRACRANIAL PROCEDURES W/O CC/MCC,10056,ST VINCENT'S BIRMINGHAM,810 ST VINCENT'S DRIVE,BIRMINGHAM,AL,35205,AL - Birmingham,43,$22862.23,$5374.65,$4186.02
039 - EXTRACRANIAL PROCEDURES W/O CC/MCC,10078,NORTHEAST ALABAMA REGIONAL MED CENTER,400 EAST 10TH STREET,ANNISTON,AL,36207,AL - Birmingham,21,$31110.85,$5366.23,$4376.23
039 - EXTRACRANIAL PROCEDURES W/O CC/MCC,10083,SOUTH BALDWIN REGIONAL MEDICAL CENTER,1613 NORTH MCKENZIE STREET,FOLEY,AL,36535,AL - Mobile,15,$25411.33,$5282.93,$4383.73
039 - EXTRACRANIAL PROCEDURES W/O CC/MCC,10085,DECATUR GENERAL HOSPITAL,1201 7TH STREET SE,DECATUR,AL,35609,AL - Huntsville,27,$9234.51,$5676.55,$4509.11
039 - EXTRACRANIAL PROCEDURES W/O CC/MCC,10090,PROVIDENCE HOSPITAL,6801 AIRPORT BOULEVARD,MOBILE,AL,36608,AL - Mobile,27,$15895.85,$5930.11,$3972.85
039 - EXTRACRANIAL PROCEDURES W/O CC/MCC,10092,D C H REGIONAL MEDICAL CENTER,809 UNIVERSITY BOULEVARD EAST,TUSCALOOSA,AL,35401,AL - Tuscaloosa,31,$19721.16,$6192.54,$5179.38
039 - EXTRACRANIAL PROCEDURES W/O CC/MCC,10100,THOMAS HOSPITAL,750 MORPHY AVENUE,FAIRHOPE,AL,36532,AL - Mobile,18,$10710.88,$4968.00,$3898.88
039 - EXTRACRANIAL PROCEDURES W/O CC/MCC,10103,BAPTIST MEDICAL CENTER-PRINCETON,701 PRINCETON AVENUE SOUTHWEST,BIRMINGHAM,AL,35211,AL - Birmingham,33,$51343.75,$5996.00,$4962.45
039 - EXTRACRANIAL PROCEDURES W/O CC/MCC,10104,TRINITY MEDICAL CENTER,800 MONTCLAIR RD,BIRMINGHAM,AL,35213,AL - Birmingham,29,$55219.31,$5710.31,$4471.68
039 - EXTRACRANIAL PROCEDURES W/O CC/MCC,10113,MOBILE INFIRMARY,5 MOBILE INFIRMARY CIRCLE,MOBILE,AL,36652,AL - Mobile,66,$14948.15,$5550.90,$4219.90
039 - EXTRACRANIAL PROCEDURES W/O CC/MCC,10139,BROOKWOOD MEDICAL CENTER,2010 BROOKWOOD MEDICAL CENTER DRIVE,BIRMINGHAM,AL,35209,AL - Birmingham,19,$73846.21,$4987.26,$3944.42
039 - EXTRACRANIAL PROCEDURES W/O CC/MCC,20017,ALASKA REGIONAL HOSPITAL,2801 DEBARR ROAD,ANCHORAGE,AK,99508,AK - Anchorage,23,$34805.13,$8401.95,$6413.78
039 - EXTRACRANIAL PROCEDURES W/O CC/MCC,30002,BANNER GOOD SAMARITAN MEDICAL CENTER,1111 EAST MCDOWELL ROAD,PHOENIX,AZ,85006,AZ - Phoenix,11,$34803.81,$7768.90,$6951.45
039 - EXTRACRANIAL PROCEDURES W/O CC/MCC,30006,TUCSON MEDICAL CENTER,5301 EAST GRANT ROAD,TUCSON,AZ,85712,AZ - Tucson,40,$24474.75,$6799.85,$5764.87
039 - EXTRACRANIAL PROCEDURES W/O CC/MCC,30007,VERDE VALLEY MEDICAL CENTER,269 SOUTH CANDY LANE,COTTONWOOD,AZ,86326,AZ - Phoenix,18,$28571.61,$9133.00,$8008.11
039 - EXTRACRANIAL PROCEDURES W/O CC/MCC,30010,CARONDELET ST  MARYS HOSPITAL,1601 WEST ST MARY'S ROAD,TUCSON,AZ,85745,AZ - Tucson,12,$35968.50,$6506.50,$5379.83
039 - EXTRACRANIAL PROCEDURES W/O CC/MCC,30011,CARONDELET ST JOSEPHS HOSPITAL,350 NORTH WILMOT ROAD,TUCSON,AZ,85711,AZ - Tucson,42,$26294.52,$6083.42,$4903.33
039 - EXTRACRANIAL PROCEDURES W/O CC/MCC,30012,YAVAPAI REGIONAL MEDICAL CENTER,1003 WILLOW CREEK ROAD,PRESCOTT,AZ,86301,AZ - Phoenix,28,$26771.78,$7140.85,$6133.57
039 - EXTRACRANIAL PROCEDURES W/O CC/MCC,30013,YUMA REGIONAL MEDICAL CENTER,2400 SOUTH AVENUE A,YUMA,AZ,85364,AZ - Phoenix,20,$29967.80,$6978.75,$5969.55
039 - EXTRACRANIAL PROCEDURES W/O CC/MCC,30023,FLAGSTAFF MEDICAL CENTER,1200 NORTH BEAVER STREET,FLAGSTAFF,AZ,86001,AZ - Phoenix,15,$27349.40,$11026.33,$9056.06
039 - EXTRACRANIAL PROCEDURES W/O CC/MCC,30024,ST JOSEPH'S HOSPITAL AND MEDICAL CENTER,350 WEST THOMAS ROAD,PHOENIX,AZ,85013,AZ - Phoenix,18,$59443.83,$8487.44,$7422.66
039 - EXTRACRANIAL PROCEDURES W/O CC/MCC,30030,PHOENIX BAPTIST HOSPITAL,2000 WEST BETHANY HOME ROAD,PHOENIX,AZ,85015,AZ - Phoenix,42,$24714.66,$7673.21,$6541.92
039 - EXTRACRANIAL PROCEDURES W/O CC/MCC,30038,SCOTTSDALE HEALTHCARE-OSBORN MEDICAL CENTER,7400 EAST OSBORN ROAD,SCOTTSDALE,AZ,85251,AZ - Phoenix,13,$37706.00,$6590.23,$5473.00
039 - EXTRACRANIAL PROCEDURES W/O CC/MCC,30061,BANNER BOSWELL MEDICAL CENTER,10401 WEST THUNDERBIRD BOULEVARD,SUN CITY,AZ,85351,AZ - Sun City,62,$38149.85,$6048.61,$4951.90
039 - EXTRACRANIAL PROCEDURES W/O CC/MCC,30062,SUMMIT HEALTHCARE REGIONAL MEDICAL CENTER,2200 SHOW LOW LAKE ROAD,SHOW LOW,AZ,85901,AZ - Phoenix,17,$15931.52,$10000.82,$7321.64
039 - EXTRACRANIAL PROCEDURES W/O CC/MCC,30065,BANNER DESERT MEDICAL CENTER,1400 SOUTH  DOBSON ROAD,MESA,AZ,85202,AZ - Mesa,25,$29718.48,$7551.40,$4846.36
039 - EXTRACRANIAL PROCEDURES W/O CC/MCC,30069,HAVASU REGIONAL MEDICAL CENTER,101 CIVIC CENTER LANE,LAKE HAVASU CIT,AZ,86403,AZ - Phoenix,36,$25259.66,$6605.19,$5665.41
039 - EXTRACRANIAL PROCEDURES W/O CC/MCC,30087,SCOTTSDALE HEALTHCARE-SHEA MEDICAL CENTER,9003 EAST SHEA BOULEVARD,SCOTTSDALE,AZ,85260,AZ - Phoenix,27,$39165.92,$6051.18,$5174.25
039 - EXTRACRANIAL PROCEDURES W/O CC/MCC,30089,BANNER THUNDERBIRD MEDICAL CENTER,5555 WEST THUNDERBIRD ROAD,GLENDALE,AZ,85306,AZ - Phoenix,15,$26776.33,$6907.06,$5854.80
039 - EXTRACRANIAL PROCEDURES W/O CC/MCC,30092,JOHN C LINCOLN DEER VALLEY HOSPITAL,19829 NORTH 27TH AVENUE,PHOENIX,AZ,85027,AZ - Phoenix,11,$24560.00,$7079.36,$5204.54
039 - EXTRACRANIAL PROCEDURES W/O CC/MCC,30093,BANNER DEL E WEBB MEDICAL CENTER,14502 WEST MEEKER BOULEVARD,SUN CITY WEST,AZ,85375,AZ - Sun City,12,$54050.58,$6061.50,$5312.16
039 - EXTRACRANIAL PROCEDURES W/O CC/MCC,30094,ARROWHEAD HOSPITAL,18701 NORTH 67TH AVENUE,GLENDALE,AZ,85308,AZ - Phoenix,13,$32998.00,$7046.00,$6264.76
039 - EXTRACRANIAL PROCEDURES W/O CC/MCC,30100,CARONDELET HEART AND VASCULAR INSTITUTE,4888 NORTH STONE AVENUE,TUCSON,AZ,85704,AZ - Tucson,14,$25757.64,$5976.00,$3592.85
039 - EXTRACRANIAL PROCEDURES W/O CC/MCC,30101,WESTERN ARIZONA REGIONAL MEDICAL CTR,2735 SILVER CREEK ROAD,BULLHEAD CITY,AZ,86442,NV - Las Vegas,26,$60608.69,$6941.03,$5652.65
039 - EXTRACRANIAL PROCEDURES W/O CC/MCC,30103,MAYO CLINIC HOSPITAL,5777 EAST MAYO BOULEVARD,PHOENIX,AZ,85054,AZ - Phoenix,25,$29774.12,$7768.76,$5674.20
039 - EXTRACRANIAL PROCEDURES W/O CC/MCC,30105,BANNER HEART HOSPITAL,6750 EAST BAYWOOD AVENUE,MESA,AZ,85206,AZ - Mesa,64,$43823.20,$6291.95,$4788.12
039 - EXTRACRANIAL PROCEDURES W/O CC/MCC,40004,WASHINGTON REGIONAL MED CTR AT NORTH HILLS,3215 N NORTH HILLS BLVD,FAYETTEVILLE,AR,72703,AR - Springdale,39,$30470.56,$5811.56,$4372.61
039 - EXTRACRANIAL PROCEDURES W/O CC/MCC,40007,ST VINCENT INFIRMARY MEDICAL CENTER,TWO ST VINCENT CIRCLE,LITTLE ROCK,AR,72205,AR - Little Rock,55,$27734.89,$6051.92,$4837.54
039 - EXTRACRANIAL PROCEDURES W/O CC/MCC,40010,MERCY MEDICAL CENTER,2710 RIFE MEDICAL LANE,ROGERS,AR,72758,AR - Springdale,12,$17593.33,$5509.00,$4576.33
039 - EXTRACRANIAL PROCEDURES W/O CC/MCC,40020,ST BERNARDS MEDICAL CTR,225 E JACKSON,JONESBORO,AR,72401,AR - Jonesboro,48,$11057.06,$6208.77,$5247.85
039 - EXTRACRANIAL PROCEDURES W/O CC/MCC,40022,"NW ARKANSAS HOSPITALS, LLC",609 WEST MAPLE AVENUE,SPRINGDALE,AR,72764,AR - Springdale,19,$37470.73,$6153.21,$4234.68
039 - EXTRACRANIAL PROCEDURES W/O CC/MCC,40026,ST JOSEPHS MERCY HEALTH CENTER INC,300 WERNER STREET,HOT SPRINGS,AR,71903,AR - Little Rock,41,$19270.63,$5806.41,$4759.70
039 - EXTRACRANIAL PROCEDURES W/O CC/MCC,40027,BAXTER REGIONAL MEDICAL CENTER,624 HOSPITAL DRIVE,MOUNTAIN HOME,AR,72653,MO - Springfield,76,$16582.34,$5496.31,$4424.64
039 - EXTRACRANIAL PROCEDURES W/O CC/MCC,40029,CONWAY REGIONAL MEDICAL CENTER,2302 COLLEGE AVENUE,CONWAY,AR,72034,AR - Little Rock,17,$11406.17,$5623.52,$4569.41
039 - EXTRACRANIAL PROCEDURES W/O CC/MCC,40036,BAPTIST HEALTH MEDICAL CENTER NORTH LITTLE ROCK,3333 SPRINGHILL DRIVE,NORTH LITTLE RO,AR,72117,AR - Little Rock,35,$23182.42,$5575.00,$4622.34
039 - EXTRACRANIAL PROCEDURES W/O CC/MCC,40062,ST EDWARD MERCY MEDICAL CENTER,7301 ROGERS AVE,FORT SMITH,AR,72917,AR - Fort Smith,26,$14799.30,$5489.53,$4263.19
039 - EXTRACRANIAL PROCEDURES W/O CC/MCC,40071,JEFFERSON REGIONAL MEDICAL CENTER,1600 WEST 40TH AVENUE,PINE BLUFF,AR,71603,AR - Little Rock,12,$29474.08,$6529.00,$5682.66
039 - EXTRACRANIAL PROCEDURES W/O CC/MCC,40078,NATIONAL PARK MEDICAL CENTER,1910 MALVERN AVENUE,HOT SPRINGS,AR,71901,AR - Little Rock,18,$98388.77,$9838.11,$8533.83
039 - EXTRACRANIAL PROCEDURES W/O CC/MCC,40114,BAPTIST HEALTH MEDICAL CENTER-LITTLE ROCK,"9601 INTERSTATE 630, EXIT 7",LITTLE ROCK,AR,72205,AR - Little Rock,139,$25076.64,$5968.44,$4592.46
039 - EXTRACRANIAL PROCEDURES W/O CC/MCC,40118,NEA BAPTIST MEMORIAL HOSPITAL,3024 STADIUM BOULEVARD,JONESBORO,AR,72401,AR - Jonesboro,22,$29442.36,$6451.86,$5067.77
039 - EXTRACRANIAL PROCEDURES W/O CC/MCC,40119,WHITE RIVER MEDICAL CENTER,1710 HARRISON STREET,BATESVILLE,AR,72503,AR - Little Rock,27,$22973.00,$6163.03,$5166.29
039 - EXTRACRANIAL PROCEDURES W/O CC/MCC,40134,ARKANSAS HEART HOSPITAL,1701 S SHACKLEFORD ROAD,LITTLE ROCK,AR,72211,AR - Little Rock,66,$24489.93,$5225.59,$4068.10
039 - EXTRACRANIAL PROCEDURES W/O CC/MCC,50006,ST JOSEPH HOSPITAL,2700 DOLBEER ST,EUREKA,CA,95501,CA - Redding,48,$44664.45,$8227.14,$6936.52
039 - EXTRACRANIAL PROCEDURES W/O CC/MCC,50007,PENINSULA MEDICAL CENTER,1501 TROUSDALE DRIVE,BURLINGAME,CA,94010,CA - San Mateo County,16,$51950.87,$7863.00,$6872.50
039 - EXTRACRANIAL PROCEDURES W/O CC/MCC,50013,ST HELENA HOSPITAL,10 WOODLAND ROAD,SAINT HELENA,CA,94574,CA - Napa,17,$105929.47,$9438.00,$8376.35
039 - EXTRACRANIAL PROCEDURES W/O CC/MCC,50017,MERCY GENERAL HOSPITAL,4001 J ST,SACRAMENTO,CA,95819,CA - Sacramento,27,$66207.66,$10863.22,$6924.70
039 - EXTRACRANIAL PROCEDURES W/O CC/MCC,50026,GROSSMONT HOSPITAL,5555 GROSSMONT CENTER DRIVE BOX 58,LA MESA,CA,91942,CA - San Diego,26,$40062.46,$7449.80,$6358.07
039 - EXTRACRANIAL PROCEDURES W/O CC/MCC,50036,BAKERSFIELD MEMORIAL HOSPITAL,420 34TH ST BOX 1888,BAKERSFIELD,CA,93301,CA - Bakersfield,21,$53334.80,$8012.23,$6213.19
039 - EXTRACRANIAL PROCEDURES W/O CC/MCC,50039,ENLOE MEDICAL CENTER,1531 ESPLANADE,CHICO,CA,95926,CA - Chico,56,$42446.30,$6967.73,$5966.62
039 - EXTRACRANIAL PROCEDURES W/O CC/MCC,50056,ANTELOPE VALLEY HOSPITAL MED CENTER,1600 W AVE J,LANCASTER,CA,93534,CA - Los Angeles,15,$27027.93,$8333.86,$6639.33
039 - EXTRACRANIAL PROCEDURES W/O CC/MCC,50057,KAWEAH DELTA MEDICAL CENTER,400 W MINERAL KING AVE,VISALIA,CA,93291,CA - Bakersfield,52,$30686.01,$7562.26,$6247.48
039 - EXTRACRANIAL PROCEDURES W/O CC/MCC,50058,GLENDALE MEM HOSPITAL & HLTH CENTER,1420 S CENTRAL AVE,GLENDALE,CA,91204,CA - Los Angeles,11,$65099.54,$11082.18,$10056.00
039 - EXTRACRANIAL PROCEDURES W/O CC/MCC,50069,ST JOSEPH HOSPITAL,1100 WEST STEWART DR,ORANGE,CA,92868,CA - Orange County,40,$35690.02,$7188.90,$6347.10
039 - EXTRACRANIAL PROCEDURES W/O CC/MCC,50077,SCRIPPS MERCY HOSPITAL,4077 5TH AVE,SAN DIEGO,CA,92103,CA - San Diego,13,$57187.30,$8791.69,$7925.84
039 - EXTRACRANIAL PROCEDURES W/O CC/MCC,50082,ST JOHNS REGIONAL MEDICAL CENTER,1600 N ROSE AVE,OXNARD,CA,93030,CA - Ventura,28,$72051.89,$8009.17,$6393.35
039 - EXTRACRANIAL PROCEDURES W/O CC/MCC,50084,ST JOSEPHS MED CENTER OF STOCKTON,1800 N CALIFORNIA ST,STOCKTON,CA,95204,CA - Stockton,66,$59184.74,$8628.40,$7758.53
039 - EXTRACRANIAL PROCEDURES W/O CC/MCC,50093,SAINT AGNES MEDICAL CENTER,1303 E HERNDON AVE,FRESNO,CA,93710,CA - Fresno,34,$41460.67,$7471.70,$6580.29
039 - EXTRACRANIAL PROCEDURES W/O CC/MCC,50107,MARIAN MEDICAL CENTER,1400 E CHURCH ST,SANTA MARIA,CA,93454,CA - Santa Barbara,34,$51983.85,$7992.35,$6967.76
039 - EXTRACRANIAL PROCEDURES W/O CC/MCC,50108,SUTTER GENERAL HOSPITAL,2801 L STREET,SACRAMENTO,CA,95816,CA - Sacramento,67,$60997.16,$8894.85,$7905.65
039 - EXTRACRANIAL PROCEDURES W/O CC/MCC,50115,PALOMAR MEDICAL CENTER,555 E VALLEY PARKWAY,ESCONDIDO,CA,92025,CA - San Diego,12,$44775.91,$6992.33,$5583.00
039 - EXTRACRANIAL PROCEDURES W/O CC/MCC,50128,TRI-CITY MEDICAL CENTER,4002 VISTA WAY,OCEANSIDE,CA,92056,CA - San Diego,26,$52977.92,$7548.76,$6598.30
039 - EXTRACRANIAL PROCEDURES W/O CC/MCC,50133,RIDEOUT MEMORIAL HOSPITAL,726 4TH ST,MARYSVILLE,CA,95901,CA - Sacramento,27,$45246.74,$7863.14,$6946.70
039 - EXTRACRANIAL PROCEDURES W/O CC/MCC,50168,ST JUDE MEDICAL CENTER,101 E VALENCIA MESA DRIVE,FULLERTON,CA,92835,CA - Orange County,16,$39046.81,$6710.81,$5465.62
039 - EXTRACRANIAL PROCEDURES W/O CC/MCC,50174,SANTA ROSA MEMORIAL HOSPITAL,1165 MONTGOMERY DR,SANTA ROSA,CA,95405,CA - Santa Rosa,16,$82480.75,$8830.75,$7773.50
039 - EXTRACRANIAL PROCEDURES W/O CC/MCC,50179,EMANUEL MEDICAL CENTER INC,825 DELBON AVE,TURLOCK,CA,95382,CA - Modesto,15,$57258.73,$7714.13,$6888.26
039 - EXTRACRANIAL PROCEDURES W/O CC/MCC,50485,LONG BEACH MEMORIAL MEDICAL CENTER,2801 ATLANTIC AVE,LONG BEACH,CA,90806,CA - Los Angeles,23,$51813.13,$8349.60,$5585.21
039 - EXTRACRANIAL PROCEDURES W/O CC/MCC,50180,JOHN MUIR MEDICAL CENTER - WALNUT CREEK CAMPUS,1601 YGNACIO VALLEY RD,WALNUT CREEK,CA,94598,CA - Contra Costa County,20,$85165.10,$12355.85,$6776.50
039 - EXTRACRANIAL PROCEDURES W/O CC/MCC,50197,SEQUOIA HOSPITAL,170 ALAMEDA DE LAS PULGAS,REDWOOD CITY,CA,94062,CA - San Mateo County,19,$94693.84,$8682.94,$6084.89
039 - EXTRACRANIAL PROCEDURES W/O CC/MCC,50222,SHARP CHULA VISTA MEDICAL CENTER,751 MEDICAL CENTER COURT,CHULA VISTA,CA,91911,CA - San Diego,13,$55232.69,$8104.38,$7410.23
039 - EXTRACRANIAL PROCEDURES W/O CC/MCC,50224,HOAG MEMORIAL HOSPITAL PRESBYTERIAN,ONE HOAG DRIVE,NEWPORT BEACH,CA,92663,CA - Orange County,34,$29350.85,$6511.29,$5386.02
039 - EXTRACRANIAL PROCEDURES W/O CC/MCC,50225,FEATHER RIVER HOSPITAL,5974 PENTZ ROAD,PARADISE,CA,95969,CA - Chico,12,$60022.58,$7122.00,$6278.33
039 - EXTRACRANIAL PROCEDURES W/O CC/MCC,50232,FRENCH HOSPITAL MEDICAL CENTER,1911 JOHNSON AVE,SAN LUIS OBISPO,CA,93401,CA - San Luis Obispo,18,$64419.66,$7185.44,$6249.22
039 - EXTRACRANIAL PROCEDURES W/O CC/MCC,50235,PROVIDENCE SAINT JOSEPH MEDICAL CTR,501 SOUTH BUENA VISTA,BURBANK,CA,91505,CA - Los Angeles,31,$101282.03,$8294.93,$7639.70
039 - EXTRACRANIAL PROCEDURES W/O CC/MCC,50238,METHODIST HOSPITAL OF SOUTHERN CA,300 W HUNTINGTON DR,ARCADIA,CA,91006,CA - Los Angeles,11,$30027.54,$7733.00,$7024.27
039 - EXTRACRANIAL PROCEDURES W/O CC/MCC,50243,DESERT REGIONAL MEDICAL CENTER,1150 NORTH INDIAN CANYON DRIVE,PALM SPRINGS,CA,92262,CA - Palm Springs/Rancho M,12,$88175.00,$8766.83,$5902.50
039 - EXTRACRANIAL PROCEDURES W/O CC/MCC,50262,RONALD REAGAN UCLA MEDICAL CENTER,757 WESTWOOD PLAZA,LOS ANGELES,CA,90095,CA - Los Angeles,13,$36730.69,$11899.76,$10946.84
039 - EXTRACRANIAL PROCEDURES W/O CC/MCC,50280,MERCY MEDICAL CENTER REDDING,"2175 ROSALINE AVE, CLAIRMONT HGTS",REDDING,CA,96001,CA - Redding,75,$48567.22,$8668.09,$7251.45
039 - EXTRACRANIAL PROCEDURES W/O CC/MCC,50290,SAINT JOHN'S HEALTH CENTER,2121 SANTA MONICA BLVD,SANTA MONICA,CA,90404,CA - Los Angeles,22,$26209.54,$6483.00,$5512.63
039 - EXTRACRANIAL PROCEDURES W/O CC/MCC,50291,SUTTER MEDICAL CENTER OF SANTA ROSA,3325 CHANATE RD,SANTA ROSA,CA,95404,CA - Santa Rosa,17,$43000.11,$10671.64,$9880.11
039 - EXTRACRANIAL PROCEDURES W/O CC/MCC,50295,MERCY HOSPITAL,2215 TRUXTUN AVENUE,BAKERSFIELD,CA,93301,CA - Bakersfield,11,$48852.45,$7049.09,$5825.81
039 - EXTRACRANIAL PROCEDURES W/O CC/MCC,50308,EL CAMINO HOSPITAL,2500 GRANT ROAD,MOUNTAIN VIEW,CA,94040,CA - San Jose,12,$59465.00,$8180.00,$7339.00
039 - EXTRACRANIAL PROCEDURES W/O CC/MCC,50309,SUTTER ROSEVILLE MEDICAL CENTER,ONE MEDICAL PLAZA,ROSEVILLE,CA,95661,CA - Sacramento,13,$41204.23,$8964.61,$5847.00
039 - EXTRACRANIAL PROCEDURES W/O CC/MCC,50334,SALINAS VALLEY MEMORIAL HOSPITAL,450 EAST ROMIE LANE,SALINAS,CA,93901,CA - Salinas,17,$53860.17,$16744.82,$7051.05
039 - EXTRACRANIAL PROCEDURES W/O CC/MCC,50351,TORRANCE MEMORIAL MEDICAL CENTER,3330 LOMITA BLVD,TORRANCE,CA,90509,CA - Los Angeles,17,$30510.29,$6793.64,$5009.94
039 - EXTRACRANIAL PROCEDURES W/O CC/MCC,50360,MARIN GENERAL HOSPITAL,"250 BON AIR ROAD, PO BOX 8010",GREENBRAE,CA,94904,CA - San Francisco,32,$62077.71,$8526.00,$7540.50
039 - EXTRACRANIAL PROCEDURES W/O CC/MCC,50380,GOOD SAMARITAN HOSPITAL,2425 SAMARITAN DRIVE,SAN JOSE,CA,95124,CA - San Jose,17,$69223.47,$11721.64,$7132.82
039 - EXTRACRANIAL PROCEDURES W/O CC/MCC,50382,CITRUS VALLEY MEDICAL CENTER-IC CAMPUS,210 W  SAN BERNARDINO ROAD,COVINA,CA,91723,CA - Los Angeles,17,$42287.47,$9044.00,$7859.88
039 - EXTRACRANIAL PROCEDURES W/O CC/MCC,50390,HEMET VALLEY MEDICAL CENTER,1117 EAST DEVONSHIRE,HEMET,CA,92543,CA - San Bernardino,19,$36866.31,$7513.31,$6508.89
039 - EXTRACRANIAL PROCEDURES W/O CC/MCC,50394,COMMUNITY MEMORIAL HOSPITAL SAN BUENAVENTURA,147 N BRENT ST,VENTURA,CA,93003,CA - Ventura,21,$60448.47,$6967.23,$6110.85
039 - EXTRACRANIAL PROCEDURES W/O CC/MCC,50396,SANTA BARBARA COTTAGE HOSPITAL,400 WEST PUEBLO,SANTA BARBARA,CA,93102,CA - Santa Barbara,28,$37691.96,$7533.50,$6573.50
039 - EXTRACRANIAL PROCEDURES W/O CC/MCC,50424,SCRIPPS GREEN HOSPITAL,10666 NORTH TORREY PINES ROAD,LA JOLLA,CA,92037,CA - San Diego,11,$62924.09,$7309.81,$6289.45
039 - EXTRACRANIAL PROCEDURES W/O CC/MCC,50438,HUNTINGTON MEMORIAL HOSPITAL,100 W  CALIFORNIA BLVD,PASADENA,CA,91109,CA - Los Angeles,19,$31305.47,$7804.00,$6738.31
039 - EXTRACRANIAL PROCEDURES W/O CC/MCC,50441,STANFORD HOSPITAL,300 PASTEUR DRIVE,STANFORD,CA,94305,CA - San Mateo County,27,$90836.48,$12396.29,$11483.40
039 - EXTRACRANIAL PROCEDURES W/O CC/MCC,50464,DOCTORS MEDICAL CENTER,1441 FLORIDA AVENUE,MODESTO,CA,95350,CA - Modesto,35,$72225.31,$8882.77,$7953.97
039 - EXTRACRANIAL PROCEDURES W/O CC/MCC,50481,WEST HILLS HOSPITAL & MEDICAL CENTER,7300 MEDICAL CENTER DR,WEST HILLS,CA,91307,CA - Los Angeles,16,$64346.68,$6770.06,$5718.81
039 - EXTRACRANIAL PROCEDURES W/O CC/MCC,50496,JOHN MUIR MEDICAL CENTER - CONCORD CAMPUS,2540 EAST ST,CONCORD,CA,94520,CA - Contra Costa County,20,$79033.50,$8485.00,$7582.60
039 - EXTRACRANIAL PROCEDURES W/O CC/MCC,50516,MERCY SAN JUAN MEDICAL CENTER,6501 COYLE AVE,CARMICHAEL,CA,95608,CA - Sacramento,39,$54446.46,$9882.15,$7246.15
039 - EXTRACRANIAL PROCEDURES W/O CC/MCC,50549,LOS ROBLES HOSPITAL & MEDICAL CENTER,215 W JANSS RD,THOUSAND OAKS,CA,91360,CA - Ventura,11,$56328.90,$7835.00,$6914.63
039 - EXTRACRANIAL PROCEDURES W/O CC/MCC,50551,LOS ALAMITOS MEDICAL CENTER,3751 KATELLA AVENUE,LOS ALAMITOS,CA,90720,CA - Orange County,13,$64229.61,$6719.38,$5177.23
039 - EXTRACRANIAL PROCEDURES W/O CC/MCC,50557,MEMORIAL  MEDICAL CENTER,1700 COFFEE RD,MODESTO,CA,95355,CA - Modesto,41,$60264.97,$7457.39,$6440.51
039 - EXTRACRANIAL PROCEDURES W/O CC/MCC,50573,EISENHOWER MEDICAL CENTER,39-000 BOB HOPE DRIVE,RANCHO MIRAGE,CA,92270,CA - Palm Springs/Rancho M,53,$50977.01,$6519.71,$5129.47
039 - EXTRACRANIAL PROCEDURES W/O CC/MCC,50599,UNIVERSITY OF CALIFORNIA DAVIS MEDICAL CENTER,2315 STOCKTON BOULEVARD,SACRAMENTO,CA,95817,CA - Sacramento,13,$146892.00,$11514.38,$9758.30
039 - EXTRACRANIAL PROCEDURES W/O CC/MCC,50603,SADDLEBACK MEMORIAL MEDICAL CENTER,24451 HEALTH CENTER DRIVE,LAGUNA HILLS,CA,92653,CA - Orange County,14,$44761.50,$6496.42,$5533.00
039 - EXTRACRANIAL PROCEDURES W/O CC/MCC,50625,CEDARS-SINAI MEDICAL CENTER,8700 BEVERLY BLVD,LOS ANGELES,CA,90048,CA - Los Angeles,40,$72784.00,$9754.92,$7705.97
039 - EXTRACRANIAL PROCEDURES W/O CC/MCC,50701,SOUTHWEST HEALTHCARE SYSTEM,25500 MEDICAL CENTER DRIVE,MURRIETA,CA,92562,CA - San Diego,14,$26258.00,$7244.28,$6283.14
039 - EXTRACRANIAL PROCEDURES W/O CC/MCC,50732,FRESNO HEART AND SURGICAL HOSPITAL,15 EAST AUDUBON DRIVE,FRESNO,CA,93720,CA - Fresno,66,$20227.66,$6390.25,$5352.77
039 - EXTRACRANIAL PROCEDURES W/O CC/MCC,50757,ALVARADO HOSPITAL MEDICAL CENTER,6655 ALVARADO ROAD,SAN DIEGO,CA,92120,CA - San Diego,15,$31017.06,$7199.80,$6249.06
039 - EXTRACRANIAL PROCEDURES W/O CC/MCC,50761,PROVIDENCE TARZANA MEDICAL CENTER,18321 CLARK STREET,TARZANA,CA,91356,CA - Los Angeles,48,$70478.25,$7174.89,$6066.95
039 - EXTRACRANIAL PROCEDURES W/O CC/MCC,50764,SHASTA REGIONAL MEDICAL CENTER,1100 BUTTE ST,REDDING,CA,96001,CA - Redding,13,$74093.92,$7852.00,$6814.46
039 - EXTRACRANIAL PROCEDURES W/O CC/MCC,60001,NORTH COLORADO MEDICAL CENTER,1801 16TH STREET,GREELEY,CO,80631,CO - Greeley,16,$33135.68,$8359.12,$5379.06
039 - EXTRACRANIAL PROCEDURES W/O CC/MCC,60013,MERCY REGIONAL MEDICAL CENTER,1010 THREE SPRINGS BLVD,DURANGO,CO,81301,NM - Albuquerque,11,$26928.54,$7578.63,$6658.27
039 - EXTRACRANIAL PROCEDURES W/O CC/MCC,60014,PRESBYTERIAN/ST LUKE'S MEDICAL CENTER,1719 E 19TH AVE,DENVER,CO,80218,CO - Denver,20,$46569.30,$7570.95,$6615.15
039 - EXTRACRANIAL PROCEDURES W/O CC/MCC,60020,PARKVIEW MEDICAL CENTER INC,400 W 16TH STREET,PUEBLO,CO,81003,CO - Pueblo,33,$37752.30,$6259.96,$5077.21
039 - EXTRACRANIAL PROCEDURES W/O CC/MCC,60022,MEMORIAL HOSPITAL CENTRAL,1400 E BOULDER ST,COLORADO SPRING,CO,80909,CO - Colorado Springs,56,$27170.46,$6627.89,$5011.08
039 - EXTRACRANIAL PROCEDURES W/O CC/MCC,60023,ST MARYS HOSPITAL AND MEDICAL CENTER,2635 N 7TH STREET,GRAND JUNCTION,CO,81502,CO - Grand Junction,38,$22619.02,$6945.57,$5914.73
039 - EXTRACRANIAL PROCEDURES W/O CC/MCC,60031,CENTURA HEALTH-PENROSE ST FRANCIS HEALTH SERVICES,2222 N NEVADA AVE,COLORADO SPRING,CO,80907,CO - Colorado Springs,17,$33369.76,$5925.94,$4999.35
039 - EXTRACRANIAL PROCEDURES W/O CC/MCC,60064,CENTURA HEALTH-PORTER ADVENTIST HOSPITAL,2525 S DOWNING ST,DENVER,CO,80210,CO - Denver,19,$33355.73,$6119.68,$5113.57
039 - EXTRACRANIAL PROCEDURES W/O CC/MCC,60100,"MEDICAL CENTER OF AURORA, THE",1501 S POTOMAC ST,AURORA,CO,80012,CO - Denver,20,$63986.40,$8613.80,$4841.60
039 - EXTRACRANIAL PROCEDURES W/O CC/MCC,60119,MEDICAL CENTER OF THE ROCKIES,2500 ROCKY MOUNTAIN AVENUE,LOVELAND,CO,80538,CO - Greeley,25,$27634.88,$6517.68,$4589.28
039 - EXTRACRANIAL PROCEDURES W/O CC/MCC,70001,HOSPITAL OF ST RAPHAEL,1450 CHAPEL ST,NEW HAVEN,CT,6511,CT - New Haven,50,$18103.18,$8099.68,$7112.92
039 - EXTRACRANIAL PROCEDURES W/O CC/MCC,70002,ST FRANCIS HOSPITAL & MEDICAL CENTER,114 WOODLAND STREET,HARTFORD,CT,6105,CT - Hartford,38,$13479.31,$8025.13,$6663.86
039 - EXTRACRANIAL PROCEDURES W/O CC/MCC,70010,BRIDGEPORT HOSPITAL,267 GRANT STREET,BRIDGEPORT,CT,6610,CT - Bridgeport,14,$27697.57,$8972.35,$7870.85
039 - EXTRACRANIAL PROCEDURES W/O CC/MCC,70012,ROCKVILLE GENERAL HOSPITAL,31 UNION ST,ROCKVILLE,CT,6066,CT - Hartford,11,$16060.63,$6675.90,$5967.18
039 - EXTRACRANIAL PROCEDURES W/O CC/MCC,70016,SAINT MARYS HOSPITAL,56 FRANKLIN ST,WATERBURY,CT,6706,CT - New Haven,22,$21229.09,$7907.18,$6657.90
039 - EXTRACRANIAL PROCEDURES W/O CC/MCC,70017,MIDSTATE MEDICAL CENTER,435 LEWIS AVE,MERIDEN,CT,6450,CT - New Haven,19,$18847.68,$7002.68,$6056.15
039 - EXTRACRANIAL PROCEDURES W/O CC/MCC,70018,GREENWICH HOSPITAL ASSOCIATION,5 PERRYRIDGE RD,GREENWICH,CT,6830,CT - Bridgeport,15,$38982.66,$7268.13,$6519.86
039 - EXTRACRANIAL PROCEDURES W/O CC/MCC,70020,MIDDLESEX HOSPITAL,28 CRESCENT ST,MIDDLETOWN,CT,6457,CT - Hartford,29,$20848.20,$8417.00,$5762.82
039 - EXTRACRANIAL PROCEDURES W/O CC/MCC,70022,YALE-NEW HAVEN HOSPITAL,20 YORK ST,NEW HAVEN,CT,6504,CT - New Haven,23,$27901.34,$9685.26,$8252.26
039 - EXTRACRANIAL PROCEDURES W/O CC/MCC,70024,WILLIAM W BACKUS HOSPITAL,326 WASHINGTON ST,NORWICH,CT,6360,CT - Hartford,24,$16739.37,$7333.66,$5695.79
039 - EXTRACRANIAL PROCEDURES W/O CC/MCC,70025,HARTFORD HOSPITAL,80 SEYMOUR STREET,HARTFORD,CT,6102,CT - Hartford,57,$23753.66,$8891.61,$7524.05
039 - EXTRACRANIAL PROCEDURES W/O CC/MCC,70028,ST VINCENT'S MEDICAL CENTER,2800 MAIN ST,BRIDGEPORT,CT,6606,CT - Bridgeport,20,$17413.75,$7815.20,$6917.60
039 - EXTRACRANIAL PROCEDURES W/O CC/MCC,70033,DANBURY HOSPITAL,24 HOSPITAL AVE,DANBURY,CT,6810,CT - New Haven,34,$21274.47,$7875.05,$6294.47
039 - EXTRACRANIAL PROCEDURES W/O CC/MCC,70034,NORWALK HOSPITAL ASSOCIATION,24 STEVENS STREET,NORWALK,CT,6856,CT - Bridgeport,16,$22336.68,$8566.43,$6469.56
039 - EXTRACRANIAL PROCEDURES W/O CC/MCC,70035,"HOSPITAL OF CENTRAL CONNECTICUT, THE",100 GRAND STREET,NEW BRITAIN,CT,6050,CT - Hartford,12,$19812.50,$7623.25,$6871.25
039 - EXTRACRANIAL PROCEDURES W/O CC/MCC,80001,"CHRISTIANA CARE HEALTH SERVICES, INC.",4755 OGLETOWN-STANTON ROAD,NEWARK,DE,19718,DE - Wilmington,90,$14336.66,$7494.76,$6071.21
039 - EXTRACRANIAL PROCEDURES W/O CC/MCC,80004,BAYHEALTH - KENT GENERAL HOSPITAL,640 S STATE STREET,DOVER,DE,19901,DE - Wilmington,13,$18353.30,$6672.69,$5550.53
039 - EXTRACRANIAL PROCEDURES W/O CC/MCC,80007,BEEBE MEDICAL CENTER,424 SAVANNAH RD,LEWES,DE,19958,MD - Salisbury,41,$39209.60,$7217.19,$5536.21
039 - EXTRACRANIAL PROCEDURES W/O CC/MCC,90001,GEORGE WASHINGTON UNIV HOSPITAL,900 23RD ST NW,WASHINGTON,DC,20037,DC - Washington,11,$57137.45,$10582.81,$8871.00
039 - EXTRACRANIAL PROCEDURES W/O CC/MCC,90004,GEORGETOWN UNIVERSITY HOSPITAL,3800 RESERVOIR RD,WASHINGTON,DC,20007,DC - Washington,14,$48336.14,$9479.57,$8680.14
039 - EXTRACRANIAL PROCEDURES W/O CC/MCC,90011,WASHINGTON HOSPITAL CENTER,110 IRVING ST NW,WASHINGTON,DC,20010,DC - Washington,22,$36636.04,$8419.54,$6781.31
039 - EXTRACRANIAL PROCEDURES W/O CC/MCC,100002,BETHESDA MEMORIAL HOSPITAL,2815 S SEACREST BLVD,BOYNTON BEACH,FL,33435,FL - Fort Lauderdale,23,$40686.73,$6523.78,$5339.82
039 - EXTRACRANIAL PROCEDURES W/O CC/MCC,100006,ORLANDO HEALTH,1414 S KUHL AVE,ORLANDO,FL,32806,FL - Orlando,40,$43779.57,$6849.75,$5685.77
039 - EXTRACRANIAL PROCEDURES W/O CC/MCC,100007,FLORIDA HOSPITAL,601 E ROLLINS ST,ORLANDO,FL,32803,FL - Orlando,93,$33949.48,$6845.37,$5042.31
039 - EXTRACRANIAL PROCEDURES W/O CC/MCC,100012,LEE MEMORIAL HOSPITAL,2776 CLEVELAND AVE,FORT MYERS,FL,33901,FL - Fort Myers,70,$31951.05,$6382.40,$4921.15
039 - EXTRACRANIAL PROCEDURES W/O CC/MCC,100017,HALIFAX HEALTH MEDICAL CENTER,303 N CLYDE MORRIS BLVD,DAYTONA BEACH,FL,32114,FL - Ormond Beach,55,$19028.00,$7061.41,$4850.74
039 - EXTRACRANIAL PROCEDURES W/O CC/MCC,100018,NAPLES COMMUNITY HOSPITAL,350 7TH ST N,NAPLES,FL,34102,FL - Fort Myers,51,$28986.15,$6483.64,$4674.39
039 - EXTRACRANIAL PROCEDURES W/O CC/MCC,100019,HOLMES REGIONAL MEDICAL CENTER,1350 S HICKORY ST,MELBOURNE,FL,32901,FL - Orlando,36,$27803.88,$6449.05,$4001.66
039 - EXTRACRANIAL PROCEDURES W/O CC/MCC,100023,CITRUS MEMORIAL HOSPITAL,502 HIGHLAND BLVD,INVERNESS,FL,34452,FL - Ocala,33,$23012.81,$5354.00,$4369.87
039 - EXTRACRANIAL PROCEDURES W/O CC/MCC,100025,SACRED HEART HOSPITAL,5151 N 9TH AVE,PENSACOLA,FL,32504,FL - Pensacola,53,$23985.66,$6403.96,$5471.43
039 - EXTRACRANIAL PROCEDURES W/O CC/MCC,100026,BAY MEDICAL CENTER,615 N BONITA AVE,PANAMA CITY,FL,32401,FL - Panama City,33,$21907.90,$5837.63,$4520.21
039 - EXTRACRANIAL PROCEDURES W/O CC/MCC,100028,PARRISH MEDICAL CENTER,951 N WASHINGTON AVE,TITUSVILLE,FL,32796,FL - Orlando,20,$33542.95,$5709.10,$4701.50
039 - EXTRACRANIAL PROCEDURES W/O CC/MCC,100034,MOUNT SINAI MEDICAL CENTER,4300 ALTON RD,MIAMI BEACH,FL,33140,FL - Miami,11,$35185.81,$7558.90,$6092.63
039 - EXTRACRANIAL PROCEDURES W/O CC/MCC,100035,MANATEE MEMORIAL HOSPITAL,206 2ND ST E,BRADENTON,FL,34208,FL - Bradenton,24,$45774.58,$6301.66,$5253.87
039 - EXTRACRANIAL PROCEDURES W/O CC/MCC,100038,MEMORIAL REGIONAL HOSPITAL,3501 JOHNSON ST,HOLLYWOOD,FL,33021,FL - Miami,14,$66214.78,$7246.35,$6280.64
039 - EXTRACRANIAL PROCEDURES W/O CC/MCC,100040,ST VINCENT'S MEDICAL CENTER,1 SHIRCLIFF WAY,JACKSONVILLE,FL,32204,FL - Jacksonville,88,$22969.60,$5777.48,$4560.15
039 - EXTRACRANIAL PROCEDURES W/O CC/MCC,100044,MARTIN MEMORIAL MEDICAL CENTER,200 SE HOSPITAL AVE,STUART,FL,34995,FL - Fort Lauderdale,54,$34607.11,$5983.00,$4898.25
039 - EXTRACRANIAL PROCEDURES W/O CC/MCC,100046,FLORIDA HOSPITAL ZEPHYRHILLS,7050 GALL BLVD,ZEPHYRHILLS,FL,33541,FL - Tampa,20,$39643.55,$5570.00,$4619.00
039 - EXTRACRANIAL PROCEDURES W/O CC/MCC,100047,CHARLOTTE REGIONAL MEDICAL CENTER,809 E MARION AVE,PUNTA GORDA,FL,33950,FL - Fort Myers,30,$33495.60,$5422.00,$4594.00
039 - EXTRACRANIAL PROCEDURES W/O CC/MCC,100049,HIGHLANDS REGIONAL MEDICAL CENTER,3600 S HIGHLANDS AVE,SEBRING,FL,33870,FL - Orlando,13,$51589.38,$5754.38,$4148.00
039 - EXTRACRANIAL PROCEDURES W/O CC/MCC,100052,WINTER HAVEN HOSPITAL,200 AVE F NE,WINTER HAVEN,FL,33881,FL - Orlando,30,$50103.06,$6119.00,$4412.13
039 - EXTRACRANIAL PROCEDURES W/O CC/MCC,100057,FLORIDA HOSPITAL WATERMAN,1000 WATERMAN WAY,TAVARES,FL,32778,FL - Orlando,28,$27309.60,$5625.50,$4701.35
039 - EXTRACRANIAL PROCEDURES W/O CC/MCC,100062,MUNROE REGIONAL MEDICAL CENTER,1500 SW 1ST AVE,OCALA,FL,34474,FL - Ocala,71,$37153.53,$5530.19,$4290.47
039 - EXTRACRANIAL PROCEDURES W/O CC/MCC,100067,ST ANTHONY'S HOSPITAL,1200 7TH AVENUE NORTH,SAINT PETERSBUR,FL,33705,FL - St. Petersburg,41,$26828.19,$5689.87,$4704.51
039 - EXTRACRANIAL PROCEDURES W/O CC/MCC,100068,FLORIDA HOSPITAL MEMORIAL MEDICAL CENTER,301 MEMORIAL MEDICAL PARKWAY,DAYTONA BEACH,FL,32117,FL - Ormond Beach,56,$20658.80,$5598.46,$4611.96
039 - EXTRACRANIAL PROCEDURES W/O CC/MCC,100070,VENICE REGIONAL MEDICAL CENTER,540 THE RIALTO,VENICE,FL,34285,FL - Sarasota,49,$32372.38,$5511.06,$4573.00
039 - EXTRACRANIAL PROCEDURES W/O CC/MCC,100071,BROOKSVILLE REGIONAL HOSPITAL,17240 CORTEZ BLVD,BROOKSVILLE,FL,34601,FL - Hudson,17,$68777.29,$6134.05,$5139.00
039 - EXTRACRANIAL PROCEDURES W/O CC/MCC,100072,FLORIDA HOSPITAL FISH MEMORIAL,1055 SAXON BLVD,ORANGE CITY,FL,32763,FL - Orlando,16,$22876.68,$7314.68,$4357.43
039 - EXTRACRANIAL PROCEDURES W/O CC/MCC,100073,HOLY CROSS HOSPITAL INC,4725 N FEDERAL HWY,FORT LAUDERDALE,FL,33308,FL - Fort Lauderdale,19,$53197.36,$5892.26,$4884.47
039 - EXTRACRANIAL PROCEDURES W/O CC/MCC,100075,ST JOSEPH'S HOSPITAL,3001 W MARTIN LUTHER KING JR BLVD,TAMPA,FL,33677,FL - Tampa,27,$30112.96,$6619.00,$5575.59
039 - EXTRACRANIAL PROCEDURES W/O CC/MCC,100077,PEACE RIVER REGIONAL MEDICAL CENTER,2500 HARBOR BLVD,PORT CHARLOTTE,FL,33952,FL - Fort Myers,16,$39059.62,$5840.75,$4931.00
039 - EXTRACRANIAL PROCEDURES W/O CC/MCC,100084,LEESBURG REGIONAL MEDICAL CENTER,600 E DIXIE AVE,LEESBURG,FL,34748,FL - Orlando,66,$20457.98,$5664.03,$4639.18
039 - EXTRACRANIAL PROCEDURES W/O CC/MCC,100087,SARASOTA MEMORIAL HOSPITAL,1700 S TAMIAMI TRL,SARASOTA,FL,34239,FL - Sarasota,92,$26361.33,$5689.80,$4666.79
039 - EXTRACRANIAL PROCEDURES W/O CC/MCC,100088,BAPTIST MEDICAL CENTER,800 PRUDENTIAL DR,JACKSONVILLE,FL,32207,FL - Jacksonville,103,$21729.69,$6745.63,$4615.54
039 - EXTRACRANIAL PROCEDURES W/O CC/MCC,100090,FLAGLER HOSPITAL,400 HEALTH PARK BLVD,SAINT AUGUSTINE,FL,32086,FL - Jacksonville,51,$36031.60,$7055.78,$5327.05
039 - EXTRACRANIAL PROCEDURES W/O CC/MCC,100092,WUESTHOFF MEDICAL CENTER  ROCKLEDGE,110 LONGWOOD AVE,ROCKLEDGE,FL,32955,FL - Orlando,43,$31092.09,$5847.81,$4480.62
039 - EXTRACRANIAL PROCEDURES W/O CC/MCC,100093,BAPTIST HOSPITAL,1000 W MORENO ST,PENSACOLA,FL,32501,FL - Pensacola,24,$33010.75,$5883.75,$4682.00
039 - EXTRACRANIAL PROCEDURES W/O CC/MCC,100099,LAKE WALES MEDICAL CENTER,410 S 11TH ST,LAKE WALES,FL,33853,FL - Orlando,11,$70446.09,$5519.63,$4596.36
039 - EXTRACRANIAL PROCEDURES W/O CC/MCC,100105,INDIAN RIVER MEDICAL CENTER,1000 36TH ST,VERO BEACH,FL,32960,FL - Orlando,59,$15572.64,$6288.79,$4932.86
039 - EXTRACRANIAL PROCEDURES W/O CC/MCC,100109,FLORIDA HOSPITAL HEARTLAND MEDICAL CENTER,4200 SUN N' LAKE BLVD,SEBRING,FL,33871,FL - Orlando,21,$30826.04,$5874.57,$4962.76
039 - EXTRACRANIAL PROCEDURES W/O CC/MCC,100110,OSCEOLA REGIONAL MEDICAL CENTER,700 WEST OAK STREET,KISSIMMEE,FL,34741,FL - Orlando,14,$63901.78,$7020.85,$5243.42
039 - EXTRACRANIAL PROCEDURES W/O CC/MCC,100113,SHANDS HOSPITAL AT THE UNIVERSITY OF FLORIDA,1600 SW ARCHER RD,GAINESVILLE,FL,32610,FL - Gainesville,17,$32075.35,$9370.64,$7588.52
039 - EXTRACRANIAL PROCEDURES W/O CC/MCC,100118,FLORIDA HOSPITAL FLAGLER,60 MEMORIAL MEDICAL PKWY,PALM COAST,FL,32164,FL - Ormond Beach,13,$19365.61,$6721.00,$5857.61
039 - EXTRACRANIAL PROCEDURES W/O CC/MCC,100127,MORTON PLANT HOSPITAL,300 PINELLAS ST,CLEARWATER,FL,33756,FL - Clearwater,23,$31148.91,$6010.13,$4453.39
039 - EXTRACRANIAL PROCEDURES W/O CC/MCC,100128,TAMPA GENERAL HOSPITAL,1 TAMPA GENERAL CIRCLE,TAMPA,FL,33606,FL - Tampa,13,$71877.84,$7833.23,$6788.30
039 - EXTRACRANIAL PROCEDURES W/O CC/MCC,100131,AVENTURA HOSPITAL AND MEDICAL CENTER,20900 BISCAYNE BLVD,AVENTURA,FL,33180,FL - Miami,17,$66666.76,$6341.05,$5414.47
039 - EXTRACRANIAL PROCEDURES W/O CC/MCC,100135,TALLAHASSEE MEMORIAL HEALTHCARE,1300 MICCOSUKEE RD,TALLAHASSEE,FL,32308,FL - Tallahassee,27,$44597.96,$8117.62,$5131.62
039 - EXTRACRANIAL PROCEDURES W/O CC/MCC,100151,MAYO CLINIC,4500 SAN PABLO RD,JACKSONVILLE,FL,32224,FL - Jacksonville,31,$36201.25,$7024.16,$5441.51
039 - EXTRACRANIAL PROCEDURES W/O CC/MCC,100154,"SOUTH MIAMI HOSPITAL, INC",6200 SW 73RD ST,SOUTH MIAMI,FL,33143,FL - Miami,16,$54321.93,$6765.06,$5780.56
039 - EXTRACRANIAL PROCEDURES W/O CC/MCC,100157,LAKELAND REGIONAL MEDICAL CENTER,1324 LAKELAND HILLS BLVD,LAKELAND,FL,33805,FL - Lakeland,38,$50063.71,$5982.15,$4702.52
039 - EXTRACRANIAL PROCEDURES W/O CC/MCC,100161,CENTRAL FLORIDA REGIONAL HOSPITAL,1401 W SEMINOLE BLVD,SANFORD,FL,32771,FL - Orlando,23,$57357.34,$6204.91,$4499.86
039 - EXTRACRANIAL PROCEDURES W/O CC/MCC,100166,DOCTORS HOSPITAL OF SARASOTA,5731 BEE RIDGE RD,SARASOTA,FL,34233,FL - Sarasota,20,$35750.15,$5418.00,$4402.40
039 - EXTRACRANIAL PROCEDURES W/O CC/MCC,100168,BOCA RATON REGIONAL HOSPITAL,800 MEADOWS RD,BOCA RATON,FL,33486,FL - Fort Lauderdale,27,$26130.25,$5820.00,$4781.33
039 - EXTRACRANIAL PROCEDURES W/O CC/MCC,100173,FLORIDA HOSPITAL TAMPA,3100 E FLETCHER AVE,TAMPA,FL,33613,FL - Tampa,15,$55000.00,$8229.13,$4440.40
039 - EXTRACRANIAL PROCEDURES W/O CC/MCC,100176,PALM BEACH GARDENS MEDICAL CENTER,3360 BURNS RD,PALM BEACH GARD,FL,33410,FL - Fort Lauderdale,49,$39472.79,$5826.00,$4863.55
039 - EXTRACRANIAL PROCEDURES W/O CC/MCC,100179,MEMORIAL HOSPITAL JACKSONVILLE,3625 UNIVERSITY BLVD S,JACKSONVILLE,FL,32216,FL - Jacksonville,36,$48574.91,$5917.97,$4458.33
039 - EXTRACRANIAL PROCEDURES W/O CC/MCC,100191,MEDICAL CENTER OF TRINITY,9330 SR 54,TRINITY,FL,34655,FL - Hudson,11,$60800.00,$5560.54,$4646.00
039 - EXTRACRANIAL PROCEDURES W/O CC/MCC,100204,NORTH FLORIDA REGIONAL MEDICAL CENTER,6500 NEWBERRY RD,GAINESVILLE,FL,32605,FL - Gainesville,108,$50730.63,$5906.22,$4624.00
039 - EXTRACRANIAL PROCEDURES W/O CC/MCC,100211,PASCO REGIONAL MEDICAL CENTER,13100 FT KING ROAD,DADE CITY,FL,33525,FL - Tampa,11,$47339.72,$5702.36,$4890.72
039 - EXTRACRANIAL PROCEDURES W/O CC/MCC,100212,OCALA REGIONAL MEDICAL CENTER,1431 SW 1ST AVE,OCALA,FL,34478,FL - Ocala,88,$40038.31,$5344.64,$4328.48
039 - EXTRACRANIAL PROCEDURES W/O CC/MCC,100213,BLAKE MEDICAL CENTER,2020 59TH ST W,BRADENTON,FL,34209,FL - Bradenton,35,$36896.17,$5417.00,$4454.94
039 - EXTRACRANIAL PROCEDURES W/O CC/MCC,100217,SEBASTIAN RIVER MEDICAL CENTER,13695 US HWY 1,SEBASTIAN,FL,32978,FL - Orlando,12,$54725.91,$6160.16,$4466.91
039 - EXTRACRANIAL PROCEDURES W/O CC/MCC,100220,GULF COAST MEDICAL CENTER LEE MEM HEALTH SYSTEM,13681 DOCTOR'S WAY,FORT MYERS,FL,33912,FL - Fort Myers,76,$33098.36,$6007.46,$4752.07
039 - EXTRACRANIAL PROCEDURES W/O CC/MCC,100223,FORT WALTON BEACH MEDICAL CENTER,1000 MAR-WALT DR,FORT WALTON BEA,FL,32547,FL - Pensacola,24,$62688.87,$5545.62,$4656.12
039 - EXTRACRANIAL PROCEDURES W/O CC/MCC,100226,ORANGE PARK MEDICAL CENTER,2001 KINGSLEY AVE,ORANGE PARK,FL,32073,FL - Jacksonville,15,$68158.20,$5829.60,$4852.80
039 - EXTRACRANIAL PROCEDURES W/O CC/MCC,100231,WEST FLORIDA HOSPITAL,8383 N DAVIS HWY,PENSACOLA,FL,32514,FL - Pensacola,14,$65676.42,$5325.50,$4357.50
039 - EXTRACRANIAL PROCEDURES W/O CC/MCC,100232,PUTNAM COMMUNITY MEDICAL CENTER,611 ZEAGLER DR,PALATKA,FL,32177,FL - Gainesville,16,$15778.50,$6010.68,$5030.18
039 - EXTRACRANIAL PROCEDURES W/O CC/MCC,100236,FAWCETT MEMORIAL HOSPITAL,21298 OLEAN BLVD,PORT CHARLOTTE,FL,33952,FL - Fort Myers,75,$62322.28,$5441.06,$4388.01
039 - EXTRACRANIAL PROCEDURES W/O CC/MCC,100238,NORTHSIDE HOSPITAL,6000 49TH STREET N,SAINT PETERSBUR,FL,33709,FL - St. Petersburg,22,$73122.77,$5953.00,$5241.36
039 - EXTRACRANIAL PROCEDURES W/O CC/MCC,100242,GULF COAST MEDICAL CENTER,449 W 23RD ST,PANAMA CITY,FL,32405,FL - Panama City,22,$82456.95,$5910.45,$4990.09
039 - EXTRACRANIAL PROCEDURES W/O CC/MCC,100243,BRANDON REGIONAL HOSPITAL,119 OAKFIELD DR,BRANDON,FL,33511,FL - Tampa,23,$59831.73,$6195.56,$5316.60
039 - EXTRACRANIAL PROCEDURES W/O CC/MCC,100244,CAPE CORAL HOSPITAL,636 DEL PRADO BLVD,CAPE CORAL,FL,33990,FL - Fort Myers,25,$33410.72,$5842.80,$3892.48
039 - EXTRACRANIAL PROCEDURES W/O CC/MCC,100246,LAWNWOOD REGIONAL MEDICAL CENTER & HEART INSTITUTE,1700 S 23RD ST,FORT PIERCE,FL,34950,FL - Orlando,50,$56526.34,$8755.26,$5358.40
039 - EXTRACRANIAL PROCEDURES W/O CC/MCC,100248,LARGO MEDICAL CENTER,201 14TH ST SW,LARGO,FL,33770,FL - Clearwater,25,$63012.28,$6158.84,$5258.36
039 - EXTRACRANIAL PROCEDURES W/O CC/MCC,100253,JUPITER MEDICAL CENTER,1210 S OLD DIXIE HWY,JUPITER,FL,33458,FL - Fort Lauderdale,29,$35466.24,$5822.31,$4854.17
039 - EXTRACRANIAL PROCEDURES W/O CC/MCC,100256,REGIONAL MEDICAL CENTER BAYONET POINT,14000 FIVAY ROAD,HUDSON,FL,34667,FL - Hudson,20,$76289.30,$5364.10,$4521.50
039 - EXTRACRANIAL PROCEDURES W/O CC/MCC,100258,DELRAY MEDICAL CENTER,5352 LINTON BLVD,DELRAY BEACH,FL,33484,FL - Fort Lauderdale,22,$54171.22,$5825.00,$4906.09
039 - EXTRACRANIAL PROCEDURES W/O CC/MCC,100260,ST LUCIE MEDICAL CENTER,1800 SE TIFFANY AVE,PORT SAINT LUCI,FL,34952,FL - Fort Lauderdale,23,$54588.30,$7336.82,$4436.52
039 - EXTRACRANIAL PROCEDURES W/O CC/MCC,100264,OAK HILL HOSPITAL,11375 CORTEZ BLVD,BROOKSVILLE,FL,34613,FL - Hudson,38,$98982.94,$5990.07,$3930.23
039 - EXTRACRANIAL PROCEDURES W/O CC/MCC,100265,MEASE COUNTRYSIDE HOSPITAL,3231 MCMULLEN BOOTH RD,SAFETY HARBOR,FL,34695,FL - Clearwater,36,$24505.55,$5493.16,$4435.27
039 - EXTRACRANIAL PROCEDURES W/O CC/MCC,100286,PHYSICIANS REGIONAL MEDICAL CENTER - PINE RIDGE,6101 PINE RIDGE ROAD,NAPLES,FL,34119,FL - Fort Myers,13,$41093.07,$5610.00,$4478.00
039 - EXTRACRANIAL PROCEDURES W/O CC/MCC,100290,"VILLAGES REGIONAL HOSPITAL, THE",1451 EL CAMINO REAL,THE VILLAGES,FL,32159,FL - Orlando,34,$17261.08,$5390.00,$4332.11
039 - EXTRACRANIAL PROCEDURES W/O CC/MCC,110003,SATILLA REGIONAL MEDICAL CENTER,410 DARLING AVENUE,WAYCROSS,GA,31501,FL - Jacksonville,11,$12835.72,$5754.72,$4840.18
039 - EXTRACRANIAL PROCEDURES W/O CC/MCC,110007,PHOEBE PUTNEY MEMORIAL HOSPITAL,417 THIRD AVENUE,ALBANY,GA,31703,GA - Albany,63,$24056.42,$7530.57,$6127.74
039 - EXTRACRANIAL PROCEDURES W/O CC/MCC,110010,EMORY UNIVERSITY HOSPITAL,"1364 CLIFTON ROAD, NE",ATLANTA,GA,30322,GA - Atlanta,26,$28105.69,$9719.03,$6058.38
039 - EXTRACRANIAL PROCEDURES W/O CC/MCC,110011,TANNER MEDICAL CENTER - CARROLLTON,705 DIXIE STREET,CARROLLTON,GA,30117,GA - Atlanta,21,$28004.95,$6175.52,$5268.28
039 - EXTRACRANIAL PROCEDURES W/O CC/MCC,110016,WEST GEORGIA MEDICAL CENTER,1514 VERNON ROAD,LAGRANGE,GA,30240,GA - Atlanta,11,$20490.09,$6112.90,$5395.45
039 - EXTRACRANIAL PROCEDURES W/O CC/MCC,110028,UNIVERSITY HOSPITAL,1350 WALTON WAY,AUGUSTA,GA,30901,GA - Augusta,40,$21683.32,$6298.77,$4971.10
039 - EXTRACRANIAL PROCEDURES W/O CC/MCC,110029,"NORTHEAST GEORGIA MEDICAL CENTER, INC",743 SPRING STREET,GAINESVILLE,GA,30501,GA - Atlanta,82,$25197.60,$6513.19,$4760.65
039 - EXTRACRANIAL PROCEDURES W/O CC/MCC,110030,CARTERSVILLE MEDICAL CENTER,960 JOE FRANK HARRIS PARKWAY,CARTERSVILLE,GA,30120,GA - Atlanta,15,$55814.13,$6218.00,$5163.60
039 - EXTRACRANIAL PROCEDURES W/O CC/MCC,110031,SPALDING REGIONAL MEDICAL CENTER,601 SOUTH 8TH STREET,GRIFFIN,GA,30223,GA - Atlanta,12,$50177.25,$6388.00,$5544.33
039 - EXTRACRANIAL PROCEDURES W/O CC/MCC,110035,WELLSTAR KENNESTONE HOSPITAL,677 CHURCH STREET,MARIETTA,GA,30060,GA - Atlanta,86,$22763.40,$6062.51,$4774.60
039 - EXTRACRANIAL PROCEDURES W/O CC/MCC,110036,"MEMORIAL HEALTH UNIV MED CEN, INC",4700 WATERS AVENUE,SAVANNAH,GA,31403,GA - Savannah,50,$31743.88,$7150.12,$5752.66
039 - EXTRACRANIAL PROCEDURES W/O CC/MCC,110038,JOHN D ARCHBOLD MEMORIAL HOSPITAL,915 GORDON AVENUE & MIMOSA DRIVE,THOMASVILLE,GA,31792,FL - Tallahassee,26,$26322.26,$5687.57,$4694.80
039 - EXTRACRANIAL PROCEDURES W/O CC/MCC,110043,ST JOSEPH'S HOSPITAL - SAVANNAH,11705 MERCY BOULEVARD,SAVANNAH,GA,31419,GA - Savannah,34,$26797.26,$5407.91,$4480.38
039 - EXTRACRANIAL PROCEDURES W/O CC/MCC,110054,FLOYD MEDICAL CENTER,304 TURNER MCCALL BLVD P O BOX 233,ROME,GA,30162,GA - Rome,17,$38632.94,$6946.70,$5593.64
039 - EXTRACRANIAL PROCEDURES W/O CC/MCC,110074,ATHENS REGIONAL MEDICAL CENTER,1199 PRINCE AVENUE,ATHENS,GA,30606,GA - Atlanta,53,$25033.73,$6434.71,$5249.39
039 - EXTRACRANIAL PROCEDURES W/O CC/MCC,110076,DEKALB MEDICAL CENTER,2701 N DECATUR ROAD,DECATUR,GA,30033,GA - Atlanta,22,$24317.13,$6812.36,$6044.90
039 - EXTRACRANIAL PROCEDURES W/O CC/MCC,110082,"SAINT JOSEPH'S HOSPITAL OF ATLANTA, INC",5665 PEACHTREE DUNWOODY ROAD,ATLANTA,GA,30342,GA - Atlanta,95,$17527.91,$5528.84,$4533.97
039 - EXTRACRANIAL PROCEDURES W/O CC/MCC,110083,PIEDMONT HOSPITAL,1968 PEACHTREE RD NW,ATLANTA,GA,30309,GA - Atlanta,43,$29914.32,$5447.86,$4350.55
039 - EXTRACRANIAL PROCEDURES W/O CC/MCC,110087,GWINNETT MEDICAL CENTER,1000 MEDICAL CENTER BOULEVARD,LAWRENCEVILLE,GA,30045,GA - Atlanta,27,$28352.44,$6364.48,$5364.18
039 - EXTRACRANIAL PROCEDURES W/O CC/MCC,110107,MEDICAL CENTER OF CENTRAL GEORGIA,777 HEMLOCK STREET,MACON,GA,31201,GA - Macon,61,$18003.83,$6985.11,$5683.00
039 - EXTRACRANIAL PROCEDURES W/O CC/MCC,110122,SOUTH GEORGIA MEDICAL CENTER,"2501 NORTH PATTERSON STREET, PO BOX 1727",VALDOSTA,GA,31603,FL - Tallahassee,12,$18432.25,$6024.25,$5088.91
039 - EXTRACRANIAL PROCEDURES W/O CC/MCC,110125,FAIRVIEW PARK HOSPITAL,200 INDUSTRIAL BOULEVARD,DUBLIN,GA,31021,GA - Macon,22,$36511.86,$8246.04,$5490.00
039 - EXTRACRANIAL PROCEDURES W/O CC/MCC,110129,"ST FRANCIS HOSPITAL, INC",2122 MANCHESTER EXPRESSWAY,COLUMBUS,GA,31995,GA - Columbus,52,$18721.40,$5531.71,$4321.19
039 - EXTRACRANIAL PROCEDURES W/O CC/MCC,110143,WELLSTAR COBB HOSPITAL,3950 AUSTELL RD,AUSTELL,GA,30106,GA - Atlanta,33,$27073.96,$6593.66,$5342.48
039 - EXTRACRANIAL PROCEDURES W/O CC/MCC,110164,COLISEUM MEDICAL CENTER,350 HOSPITAL DRIVE,MACON,GA,31217,GA - Macon,25,$26099.72,$5939.40,$4807.36
039 - EXTRACRANIAL PROCEDURES W/O CC/MCC,110168,REDMOND REGIONAL MEDICAL CENTER,501 REDMOND ROAD,ROME,GA,30165,GA - Rome,29,$28006.86,$5986.72,$4254.34
039 - EXTRACRANIAL PROCEDURES W/O CC/MCC,110177,DOCTORS HOSPITAL,3651 WHEELER ROAD,AUGUSTA,GA,30909,GA - Augusta,11,$49223.72,$6550.00,$5520.90
039 - EXTRACRANIAL PROCEDURES W/O CC/MCC,110191,"HENRY MEDICAL CENTER, INC",1133 EAGLE'S LANDING PARKWAY,STOCKBRIDGE,GA,30281,GA - Atlanta,12,$30112.66,$6156.66,$5129.66
039 - EXTRACRANIAL PROCEDURES W/O CC/MCC,110215,PIEDMONT FAYETTE HOSPITAL,1255 HIGHWAY 54 WEST,FAYETTEVILLE,GA,30214,GA - Atlanta,24,$27794.70,$5543.83,$4302.16
039 - EXTRACRANIAL PROCEDURES W/O CC/MCC,120001,THE QUEENS MEDICAL CENTER,1301 PUNCHBOWL ST,HONOLULU,HI,96813,HI - Honolulu,24,$27809.95,$10982.04,$6846.87
039 - EXTRACRANIAL PROCEDURES W/O CC/MCC,130002,ST LUKES MAGIC VALLEY RMC,801 POLE LINE ROAD WEST,TWIN FALLS,ID,83301,ID - Boise,18,$10584.16,$6377.66,$4856.22
039 - EXTRACRANIAL PROCEDURES W/O CC/MCC,130006,ST LUKES REGIONAL MEDICAL CENTER,190 EAST BANNOCK STREET,BOISE,ID,83712,ID - Boise,38,$13963.55,$6344.42,$4960.68
039 - EXTRACRANIAL PROCEDURES W/O CC/MCC,130007,ST ALPHONSUS REGIONAL MEDICAL CENTER,1055 NORTH CURTIS ROAD,BOISE,ID,83706,ID - Boise,17,$25880.52,$6117.17,$5321.88
039 - EXTRACRANIAL PROCEDURES W/O CC/MCC,130018,EASTERN IDAHO REGIONAL MEDICAL CENTER,3100 CHANNING WAY,IDAHO FALLS,ID,83404,ID - Idaho Falls,18,$25589.22,$6324.44,$5330.66
039 - EXTRACRANIAL PROCEDURES W/O CC/MCC,130028,PORTNEUF MEDICAL CENTER,777 HOSPITAL WAY,POCATELLO,ID,83201,UT - Salt Lake City,11,$24274.63,$7910.27,$6889.90
039 - EXTRACRANIAL PROCEDURES W/O CC/MCC,130049,KOOTENAI MEDICAL CENTER,2003 KOOTENAI HEALTH WAY,COEUR D'ALENE,ID,83814,WA - Spokane,11,$14757.63,$6267.00,$5558.27
039 - EXTRACRANIAL PROCEDURES W/O CC/MCC,140007,PROVENA ST JOSEPH MEDICAL CENTER,333 N MADISON,JOLIET,IL,60435,IL - Joliet,71,$27179.09,$7542.92,$4876.67
039 - EXTRACRANIAL PROCEDURES W/O CC/MCC,140008,LOYOLA GOTTLIEB MEMORIAL HOSPITAL,701 WEST NORTH AVE,MELROSE PARK,IL,60160,IL - Melrose Park,16,$56027.00,$18420.56,$4401.87
039 - EXTRACRANIAL PROCEDURES W/O CC/MCC,140010,EVANSTON HOSPITAL,2650 RIDGE AVE,EVANSTON,IL,60201,IL - Evanston,31,$27734.80,$7598.06,$5628.93
039 - EXTRACRANIAL PROCEDURES W/O CC/MCC,140013,PROCTOR HOSPITAL,5409 N KNOXVILLE AVE,PEORIA,IL,61614,IL - Peoria,31,$29888.64,$5432.41,$4378.61
039 - EXTRACRANIAL PROCEDURES W/O CC/MCC,140015,BLESSING HOSPITAL,BROADWAY AT 11TH STREET,QUINCY,IL,62301,IL - Springfield,37,$26562.94,$6658.83,$5385.24
039 - EXTRACRANIAL PROCEDURES W/O CC/MCC,140029,COPLEY MEMORIAL HOSPITAL,2000 OGDEN AVENUE,AURORA,IL,60504,IL - Aurora,12,$60712.83,$6744.33,$5992.33
039 - EXTRACRANIAL PROCEDURES W/O CC/MCC,140030,SHERMAN HOSPITAL,1425 NORTH RANDALL ROAD,ELGIN,IL,60123,IL - Elgin,21,$38850.95,$6444.33,$5378.42
039 - EXTRACRANIAL PROCEDURES W/O CC/MCC,140040,GALESBURG COTTAGE HOSPITAL,695 N KELLOGG ST,GALESBURG,IL,61401,IL - Peoria,15,$59913.80,$5957.40,$5133.66
039 - EXTRACRANIAL PROCEDURES W/O CC/MCC,140043,CGH MEDICAL CENTER,100 EAST LEFEVRE ROAD,STERLING,IL,61081,IL - Rockford,23,$25577.00,$6856.21,$4778.26
039 - EXTRACRANIAL PROCEDURES W/O CC/MCC,140046,GOOD SAMARITAN REGIONAL HLTH CENTER,605 N 12TH STREET,MOUNT VERNON,IL,62864,MO - St. Louis,15,$27295.66,$5691.60,$4719.06
039 - EXTRACRANIAL PROCEDURES W/O CC/MCC,140053,ST JOHNS HOSPITAL,800 E CARPENTER ST,SPRINGFIELD,IL,62769,IL - Springfield,61,$30994.32,$6563.08,$5606.49
039 - EXTRACRANIAL PROCEDURES W/O CC/MCC,140054,MACNEAL  HOSPITAL,3249 SOUTH OAK PARK AVENUE,BERWYN,IL,60402,IL - Melrose Park,12,$44706.58,$7427.75,$6266.91
039 - EXTRACRANIAL PROCEDURES W/O CC/MCC,140062,PALOS COMMUNITY HOSPITAL,12251 SOUTH 80TH AVENUE,PALOS HEIGHTS,IL,60463,IL - Blue Island,22,$48837.45,$7862.81,$4902.90
039 - EXTRACRANIAL PROCEDURES W/O CC/MCC,140065,ADVENTIST LA GRANGE MEMORIAL HOSPITAL,5101 S WILLOW SPRINGS RD,LA GRANGE,IL,60525,IL - Melrose Park,14,$36728.92,$6313.57,$5269.28
039 - EXTRACRANIAL PROCEDURES W/O CC/MCC,140067,SAINT FRANCIS MEDICAL CENTER,530 NE GLEN OAK AVE,PEORIA,IL,61637,IL - Peoria,26,$38928.30,$6732.84,$5867.00
039 - EXTRACRANIAL PROCEDURES W/O CC/MCC,140080,RHC ST FRANCIS HOSPITAL,355 RIDGE AVE,EVANSTON,IL,60202,IL - Evanston,12,$48918.83,$17347.00,$6934.08
039 - EXTRACRANIAL PROCEDURES W/O CC/MCC,140091,CARLE FOUNDATION HOSPITAL,611 WEST PARK STREET,URBANA,IL,61801,IL - Urbana,31,$36568.87,$6665.03,$5616.38
039 - EXTRACRANIAL PROCEDURES W/O CC/MCC,140113,PROVENA COVENANT MEDICAL CENTER- URBANA,1400 WEST PARK AVENUE,URBANA,IL,61801,IL - Urbana,30,$36609.46,$6398.53,$5498.26
039 - EXTRACRANIAL PROCEDURES W/O CC/MCC,140114,SWEDISH COVENANT HOSPITAL,5145 N CALIFORNIA AVE,CHICAGO,IL,60625,IL - Chicago,19,$48936.26,$9793.31,$6142.89
039 - EXTRACRANIAL PROCEDURES W/O CC/MCC,140116,CENTEGRA HEALTH SYSTEM - MC HENRY HOSPITAL,4201 MEDICAL CENTER DRIVE,MCHENRY,IL,60050,IL - Elgin,16,$19388.00,$6682.12,$4682.50
039 - EXTRACRANIAL PROCEDURES W/O CC/MCC,140117,RESURRECTION MEDICAL CENTER,7435 W TALCOTT AVENUE,CHICAGO,IL,60631,IL - Chicago,34,$32857.70,$6637.20,$5745.79
039 - EXTRACRANIAL PROCEDURES W/O CC/MCC,140119,RUSH UNIVERSITY MEDICAL CENTER,1653 WEST CONGRESS PARKWAY,CHICAGO,IL,60612,IL - Chicago,15,$51527.33,$10459.60,$8634.46
039 - EXTRACRANIAL PROCEDURES W/O CC/MCC,140127,BROMENN HEALTHCARE,1304 FRANKLIN AVENUE,NORMAL,IL,61761,IL - Bloomington,14,$20295.85,$6036.14,$5158.14
039 - EXTRACRANIAL PROCEDURES W/O CC/MCC,140135,DECATUR MEMORIAL HOSPITAL,2300 NORTH EDWARD STREET,DECATUR,IL,62526,IL - Springfield,19,$27401.26,$5837.73,$5008.68
039 - EXTRACRANIAL PROCEDURES W/O CC/MCC,140148,MEMORIAL MEDICAL CENTER,701 N FIRST ST,SPRINGFIELD,IL,62781,IL - Springfield,66,$21020.56,$6603.25,$5126.21
039 - EXTRACRANIAL PROCEDURES W/O CC/MCC,140162,ST JOSEPH MEDICAL CENTER,2200 E WASHINGTON,BLOOMINGTON,IL,61701,IL - Bloomington,19,$28885.31,$5726.05,$4774.47
039 - EXTRACRANIAL PROCEDURES W/O CC/MCC,140164,MEMORIAL HOSPITAL OF CARBONDALE,405 W JACKSON,CARBONDALE,IL,62902,MO - St. Louis,20,$27280.05,$6098.70,$5146.10
039 - EXTRACRANIAL PROCEDURES W/O CC/MCC,140166,ST MARYS HOSPITAL,1800 E LAKE SHORE DR,DECATUR,IL,62521,IL - Springfield,17,$34890.94,$6409.41,$5418.11
039 - EXTRACRANIAL PROCEDURES W/O CC/MCC,140172,FRANCISCAN ST JAMES HEALTH,20201 S CRAWFORD AVENUE,OLYMPIA FIELDS,IL,60461,IL - Blue Island,17,$23146.17,$9434.00,$6022.05
039 - EXTRACRANIAL PROCEDURES W/O CC/MCC,140176,CENTEGRA HEALTH SYSTEM - WOODSTOCK HOSPITAL,3701 DOTY ROAD,WOODSTOCK,IL,60098,IL - Rockford,11,$20974.36,$6176.90,$5259.45
039 - EXTRACRANIAL PROCEDURES W/O CC/MCC,140184,HEARTLAND REGIONAL MEDICAL CENTER,3333 W DE YOUNG,MARION,IL,62959,KY - Paducah,27,$47949.70,$6539.29,$4641.11
039 - EXTRACRANIAL PROCEDURES W/O CC/MCC,140185,MEMORIAL HOSPITAL,4500 MEMORIAL DRIVE,BELLEVILLE,IL,62226,MO - St. Louis,18,$20829.33,$5850.61,$4429.33
039 - EXTRACRANIAL PROCEDURES W/O CC/MCC,140186,RIVERSIDE MEDICAL CENTER,350 N WALL ST,KANKAKEE,IL,60901,IL - Joliet,14,$31877.00,$6806.85,$6083.71
039 - EXTRACRANIAL PROCEDURES W/O CC/MCC,140187,ST ELIZABETH HOSPITAL,211 S THIRD ST,BELLEVILLE,IL,62220,MO - St. Louis,14,$25633.85,$5329.00,$4145.21
039 - EXTRACRANIAL PROCEDURES W/O CC/MCC,140189,SARAH BUSH LINCOLN HEALTH CENTER,1000 HEALTH CENTER DRIVE P O BOX 372,MATTOON,IL,61938,IL - Urbana,18,$18353.00,$6651.16,$4669.27
039 - EXTRACRANIAL PROCEDURES W/O CC/MCC,140191,INGALLS MEMORIAL HOSPITAL,ONE INGALLS DRIVE,HARVEY,IL,60426,IL - Blue Island,12,$24659.83,$6694.66,$5767.33
039 - EXTRACRANIAL PROCEDURES W/O CC/MCC,140200,ELMHURST MEMORIAL HOSPITAL,155 EAST BRUSH HILL ROAD,ELMHURST,IL,60126,IL - Melrose Park,28,$34774.21,$6956.03,$4375.17
039 - EXTRACRANIAL PROCEDURES W/O CC/MCC,140202,ADVOCATE CONDELL MEDICAL CENTER,801 S MILWAUKEE AVE,LIBERTYVILLE,IL,60048,WI - Milwaukee,19,$48631.78,$8214.42,$5303.94
039 - EXTRACRANIAL PROCEDURES W/O CC/MCC,140208,ADVOCATE CHRIST HOSPITAL & MEDICAL CENTER,4440 W 95TH STREET,OAK LAWN,IL,60453,IL - Blue Island,28,$32428.96,$8783.25,$6691.85
039 - EXTRACRANIAL PROCEDURES W/O CC/MCC,140209,METHODIST MEDICAL CENTER OF ILLINOIS,221 N E GLEN OAK AVE,PEORIA,IL,61636,IL - Peoria,22,$42526.40,$6586.09,$5617.18
039 - EXTRACRANIAL PROCEDURES W/O CC/MCC,140211,DELNOR COMMUNITY HOSPITAL,300 RANDALL RD,GENEVA,IL,60134,IL - Melrose Park,16,$37699.75,$10278.56,$4759.37
039 - EXTRACRANIAL PROCEDURES W/O CC/MCC,140223,ADVOCATE LUTHERAN GENERAL HOSPITAL,1775 DEMPSTER ST,PARK RIDGE,IL,60068,IL - Evanston,21,$27950.95,$7953.76,$6437.52
039 - EXTRACRANIAL PROCEDURES W/O CC/MCC,140228,SWEDISH AMERICAN HOSPITAL,1401 EAST STATE STREET,ROCKFORD,IL,61104,IL - Rockford,14,$33828.57,$6693.00,$6048.42
039 - EXTRACRANIAL PROCEDURES W/O CC/MCC,140231,EDWARD HOSPITAL,801 SOUTH WASHINGTON,NAPERVILLE,IL,60540,IL - Hinsdale,14,$28576.92,$6823.14,$4677.14
039 - EXTRACRANIAL PROCEDURES W/O CC/MCC,140233,SAINT ANTHONY MEDICAL CENTER,5666 EAST STATE STREET,ROCKFORD,IL,61108,IL - Rockford,24,$21852.91,$5747.54,$4709.00
039 - EXTRACRANIAL PROCEDURES W/O CC/MCC,140239,ROCKFORD MEMORIAL HOSPITAL,2400 NORTH ROCKTON AVENUE,ROCKFORD,IL,61103,IL - Rockford,36,$28561.72,$7198.38,$5859.47
039 - EXTRACRANIAL PROCEDURES W/O CC/MCC,140252,NORTHWEST COMMUNITY HOSPITAL,800 W CENTRAL ROAD,ARLINGTON HEIGH,IL,60005,IL - Evanston,46,$24047.58,$6311.91,$4906.28
039 - EXTRACRANIAL PROCEDURES W/O CC/MCC,140258,ALEXIAN BROTHERS MEDICAL CENTER,800 W BIESTERFIELD RD,ELK GROVE VILLA,IL,60007,IL - Melrose Park,21,$58058.57,$6765.76,$4826.57
039 - EXTRACRANIAL PROCEDURES W/O CC/MCC,140280,TRINITY ROCK ISLAND,2701 17TH ST,ROCK ISLAND,IL,61201,IA - Davenport,33,$16858.45,$6033.42,$4681.81
039 - EXTRACRANIAL PROCEDURES W/O CC/MCC,140281,NORTHWESTERN MEMORIAL HOSPITAL,251 E HURON ST,CHICAGO,IL,60611,IL - Chicago,39,$47876.05,$9166.07,$7467.43
039 - EXTRACRANIAL PROCEDURES W/O CC/MCC,140288,ADVOCATE GOOD SAMARITAN HOSPITAL,3815 HIGHLAND AVENUE,DOWNERS GROVE,IL,60515,IL - Hinsdale,14,$32482.92,$5888.64,$4929.78
039 - EXTRACRANIAL PROCEDURES W/O CC/MCC,140291,ADVOCATE GOOD SHEPHERD HOSPITAL,450 WEST HIGHWAY 22,BARRINGTON,IL,60010,IL - Elgin,15,$31525.53,$7769.86,$5307.66
039 - EXTRACRANIAL PROCEDURES W/O CC/MCC,150002,METHODIST HOSPITALS INC,600 GRANT ST,GARY,IN,46402,IN - Gary,24,$34741.50,$6980.20,$6088.04
039 - EXTRACRANIAL PROCEDURES W/O CC/MCC,150009,CLARK MEMORIAL HOSPITAL,1220 MISSOURI AVE,JEFFERSONVILLE,IN,47130,KY - Louisville,28,$23228.89,$7409.42,$6529.14
039 - EXTRACRANIAL PROCEDURES W/O CC/MCC,150012,SAINT JOSEPH REGIONAL MEDICAL CENTER,5215 HOLY CROSS PKWY,MISHAWAKA,IN,46545,IN - South Bend,30,$25856.23,$6675.53,$5289.60
039 - EXTRACRANIAL PROCEDURES W/O CC/MCC,150015,FRANCISCAN ST ANTHONY HEALTH - MICHIGAN CITY,301 W HOMER ST,MICHIGAN CITY,IN,46360,IN - Gary,16,$22745.68,$6660.56,$4386.18
039 - EXTRACRANIAL PROCEDURES W/O CC/MCC,150017,LUTHERAN HOSPITAL OF INDIANA,7950 W JEFFERSON BLVD,FORT WAYNE,IN,46804,IN - Fort Wayne,57,$42572.59,$6352.89,$4693.29
039 - EXTRACRANIAL PROCEDURES W/O CC/MCC,150018,ELKHART GENERAL HOSPITAL,600 E BLVD,ELKHART,IN,46514,IN - South Bend,22,$28872.77,$6808.68,$4759.90
039 - EXTRACRANIAL PROCEDURES W/O CC/MCC,150021,PARKVIEW REGIONAL MEDICAL CENTER,11109 PARKVIEW PLAZA DRIVE,FORT WAYNE,IN,46805,IN - Fort Wayne,23,$28730.95,$6109.21,$5176.86
039 - EXTRACRANIAL PROCEDURES W/O CC/MCC,150023,UNION HOSPITAL INC,1606 N SEVENTH ST,TERRE HAUTE,IN,47804,IN - Terre Haute,26,$45617.61,$6216.34,$5354.19
039 - EXTRACRANIAL PROCEDURES W/O CC/MCC,150026,IU HEALTH GOSHEN HOSPITAL,200 HIGH PARK AVE,GOSHEN,IN,46526,IN - South Bend,15,$20633.33,$6520.00,$4712.93
039 - EXTRACRANIAL PROCEDURES W/O CC/MCC,150034,ST MARY MEDICAL CENTER INC,1500 S LAKE PARK AVE,HOBART,IN,46342,IN - Gary,21,$15557.09,$6106.66,$5356.57
039 - EXTRACRANIAL PROCEDURES W/O CC/MCC,150035,PORTER VALPARAISO HOSPITAL,814 LAPORTE AVE,VALPARAISO,IN,46383,IN - Gary,33,$33416.90,$6372.66,$4736.90
039 - EXTRACRANIAL PROCEDURES W/O CC/MCC,150042,GOOD SAMARITAN HOSPITAL,520 S 7TH ST,VINCENNES,IN,47591,IN - Evansville,23,$24836.43,$7244.95,$4716.21
039 - EXTRACRANIAL PROCEDURES W/O CC/MCC,150044,FLOYD MEMORIAL HOSPITAL AND HEALTH SERVICES,1850 STATE ST,NEW ALBANY,IN,47150,KY - Louisville,30,$17997.56,$5663.36,$4306.36
039 - EXTRACRANIAL PROCEDURES W/O CC/MCC,150046,TERRE HAUTE REGIONAL HOSPITAL,3901 S SEVENTH ST,TERRE HAUTE,IN,47802,IN - Terre Haute,14,$38349.07,$5944.92,$5057.78
039 - EXTRACRANIAL PROCEDURES W/O CC/MCC,150048,REID HOSPITAL & HEALTH CARE SERVICES,1100 REID PKWY,RICHMOND,IN,47374,IN - Indianapolis,28,$20525.14,$6999.53,$5648.92
039 - EXTRACRANIAL PROCEDURES W/O CC/MCC,150051,INDIANA UNIVERSITY HEALTH BLOOMINGTON HOSPITAL,601 W SECOND ST,BLOOMINGTON,IN,47403,IN - Indianapolis,40,$22212.35,$6364.50,$4841.17
039 - EXTRACRANIAL PROCEDURES W/O CC/MCC,150056,INDIANA UNIVERSITY HEALTH,1701 N SENATE BLVD,INDIANAPOLIS,IN,46206,IN - Indianapolis,82,$35710.81,$9764.93,$7054.52
039 - EXTRACRANIAL PROCEDURES W/O CC/MCC,150058,MEMORIAL HOSPITAL OF SOUTH BEND,615 N MICHIGAN ST,SOUTH BEND,IN,46601,IN - South Bend,54,$22593.62,$7081.64,$5442.55
039 - EXTRACRANIAL PROCEDURES W/O CC/MCC,150059,RIVERVIEW HOSPITAL,395 WESTFIELD RD,NOBLESVILLE,IN,46060,IN - Indianapolis,13,$19576.38,$6245.15,$4294.15
039 - EXTRACRANIAL PROCEDURES W/O CC/MCC,150082,DEACONESS HOSPITAL INC,600 MARY ST,EVANSVILLE,IN,47747,IN - Evansville,52,$22095.67,$5590.67,$4476.63
039 - EXTRACRANIAL PROCEDURES W/O CC/MCC,150084,ST VINCENT HOSPITAL & HEALTH SERVICES,2001 W 86TH ST,INDIANAPOLIS,IN,46260,IN - Indianapolis,68,$33676.30,$7257.54,$5321.48
039 - EXTRACRANIAL PROCEDURES W/O CC/MCC,150088,SAINT JOHN'S HEALTH SYSTEM,2015 JACKSON ST,ANDERSON,IN,46016,IN - Indianapolis,13,$25897.23,$6041.69,$5347.53
039 - EXTRACRANIAL PROCEDURES W/O CC/MCC,150089,INDIANA UNIVERSITY HEALTH BALL MEMORIAL HOSPITAL,2401 UNIVERSITY AVE,MUNCIE,IN,47303,IN - Muncie,20,$26232.00,$6515.30,$5842.50
039 - EXTRACRANIAL PROCEDURES W/O CC/MCC,150090,FRANCISCAN ST MARGARET HEALTH - DYER,24 JOLIET ST,DYER,IN,46311,IN - Munster,11,$23860.63,$6066.27,$5145.90
039 - EXTRACRANIAL PROCEDURES W/O CC/MCC,150100,ST MARY'S MEDICAL CENTER OF EVANSVILLE INC,3700 WASHINGTON AVE,EVANSVILLE,IN,47750,IN - Evansville,25,$22382.72,$5657.00,$4847.08
039 - EXTRACRANIAL PROCEDURES W/O CC/MCC,150109,FRANCISCAN ST ELIZABETH HEALTH - LAFAYETTE EAST,1701 S CREASY LN,LAFAYETTE,IN,47905,IN - Lafayette,26,$36539.26,$6334.03,$5139.19
039 - EXTRACRANIAL PROCEDURES W/O CC/MCC,150112,COLUMBUS REGIONAL HOSPITAL,2400 E 17TH ST,COLUMBUS,IN,47201,IN - Indianapolis,13,$19772.92,$6579.76,$4604.30
039 - EXTRACRANIAL PROCEDURES W/O CC/MCC,150115,MEMORIAL HOSPITAL AND HEALTH CARE CENTER,800 W 9TH ST,JASPER,IN,47546,IN - Evansville,25,$9437.52,$5504.20,$3992.08
039 - EXTRACRANIAL PROCEDURES W/O CC/MCC,150125,COMMUNITY HOSPITAL,901 MACARTHUR BLVD,MUNSTER,IN,46321,IN - Munster,42,$16938.26,$6064.52,$5187.28
039 - EXTRACRANIAL PROCEDURES W/O CC/MCC,150126,FRANCISCAN ST ANTHONY HEALTH - CROWN POINT,1201 S MAIN ST,CROWN POINT,IN,46307,IN - Gary,18,$25106.11,$6151.22,$4727.61
039 - EXTRACRANIAL PROCEDURES W/O CC/MCC,150128,COMMUNITY HOSPITAL SOUTH,1402 E COUNTY LINE RD S,INDIANAPOLIS,IN,46227,IN - Indianapolis,11,$26619.63,$5940.36,$4203.18
039 - EXTRACRANIAL PROCEDURES W/O CC/MCC,150153,ST VINCENT HEART CENTER OF INDIANA LLC,10580 N MERIDIAN ST,INDIANAPOLIS,IN,46290,IN - Indianapolis,22,$25252.50,$5516.22,$4644.40
039 - EXTRACRANIAL PROCEDURES W/O CC/MCC,150154,INDIANA HEART HOSPITAL THE,8075 N SHADELAND AVE,INDIANAPOLIS,IN,46250,IN - Indianapolis,73,$21765.47,$5642.27,$4543.23
039 - EXTRACRANIAL PROCEDURES W/O CC/MCC,150162,FRANCISCAN ST FRANCIS HEALTH - INDIANAPOLIS,8111 S EMERSON AVE,INDIANAPOLIS,IN,46237,IN - Indianapolis,25,$25852.40,$6263.72,$5370.92
039 - EXTRACRANIAL PROCEDURES W/O CC/MCC,150164,MONROE HOSPITAL,4011 S MONROE MEDICAL PARK BLVD,BLOOMINGTON,IN,47403,IN - Indianapolis,11,$32063.18,$5417.00,$4393.72
039 - EXTRACRANIAL PROCEDURES W/O CC/MCC,150173,INDIANA UNIVERSITY HEALTH ARNETT HOSPITAL,5165 MCCARTY LN,LAFAYETTE,IN,47905,IN - Lafayette,14,$30401.78,$8782.21,$3643.42
039 - EXTRACRANIAL PROCEDURES W/O CC/MCC,150175,THE HEART HOSPITAL AT DEACONESS GATEWAY LLC,4007 GATEWAY BLVD,NEWBURGH,IN,47630,IN - Evansville,30,$20321.70,$5103.00,$4090.60
039 - EXTRACRANIAL PROCEDURES W/O CC/MCC,160016,TRINITY REGIONAL MEDICAL CENTER,802 KENYON RD,FORT DODGE,IA,50501,IA - Des Moines,26,$18783.42,$5945.69,$5041.23
039 - EXTRACRANIAL PROCEDURES W/O CC/MCC,160033,GENESIS MEDICAL CENTER-DAVENPORT,1227 EAST RUSHOLME STREET,DAVENPORT,IA,52803,IA - Davenport,37,$18283.08,$5843.29,$4647.00
039 - EXTRACRANIAL PROCEDURES W/O CC/MCC,160045,ST LUKES HOSPITAL,1026 A AVE NE,CEDAR RAPIDS,IA,52402,IA - Cedar Rapids,29,$23512.10,$6200.72,$4819.82
039 - EXTRACRANIAL PROCEDURES W/O CC/MCC,160047,JENNIE EDMUNDSON HOSPITAL,933 EAST PIERCE STREET,COUNCIL BLUFFS,IA,51503,NE - Omaha,21,$17654.42,$5739.95,$4988.33
039 - EXTRACRANIAL PROCEDURES W/O CC/MCC,160057,GREAT RIVER MEDICAL CENTER,1221 SOUTH GEAR AVENUE,WEST BURLINGTON,IA,52655,IA - Davenport,12,$19429.50,$5866.66,$4831.66
039 - EXTRACRANIAL PROCEDURES W/O CC/MCC,160058,UNIVERSITY OF IOWA HOSPITAL & CLINICS,200 HAWKINS DRIVE,IOWA CITY,IA,52242,IA - Iowa City,19,$27753.57,$8632.10,$7688.94
039 - EXTRACRANIAL PROCEDURES W/O CC/MCC,160064,MERCY MEDICAL CENTER-NORTH IOWA,1000 FOURTH STREET SW,MASON CITY,IA,50401,IA - Mason City,46,$23590.71,$6299.95,$5043.06
039 - EXTRACRANIAL PROCEDURES W/O CC/MCC,160069,MERCY MEDICAL CENTER-DUBUQUE,250 MERCY DRIVE,DUBUQUE,IA,52001,IA - Dubuque,40,$20053.20,$5368.45,$4177.35
039 - EXTRACRANIAL PROCEDURES W/O CC/MCC,160079,MERCY MEDICAL CENTER - CEDAR RAPIDS,701 10TH STREET SE,CEDAR RAPIDS,IA,52403,IA - Cedar Rapids,21,$21153.28,$5697.85,$4152.76
039 - EXTRACRANIAL PROCEDURES W/O CC/MCC,160080,MERCY MEDICAL CENTER-CLINTON,1410 NORTH 4TH STREET,CLINTON,IA,52732,IA - Davenport,12,$29444.00,$6614.50,$5954.16
039 - EXTRACRANIAL PROCEDURES W/O CC/MCC,160082,IOWA METHODIST MEDICAL CENTER,1200 PLEASANT STREET,DES MOINES,IA,50309,IA - Des Moines,75,$26132.65,$6365.53,$5272.60
039 - EXTRACRANIAL PROCEDURES W/O CC/MCC,160083,MERCY MEDICAL CENTER-DES MOINES,1111 6TH AVE,DES MOINES,IA,50314,IA - Des Moines,76,$27622.88,$6379.15,$5330.05
039 - EXTRACRANIAL PROCEDURES W/O CC/MCC,160110,ALLEN MEMORIAL HOSPITAL,1825 LOGAN AVENUE,WATERLOO,IA,50703,IA - Waterloo,47,$15909.89,$5752.27,$4841.80
039 - EXTRACRANIAL PROCEDURES W/O CC/MCC,160153,MERCY MEDICAL CENTER-SIOUX CITY,801 5TH ST BOX #316B,SIOUX CITY,IA,51101,IA - Sioux City,57,$19246.82,$5831.42,$4462.56
039 - EXTRACRANIAL PROCEDURES W/O CC/MCC,170012,SALINA REGIONAL HEALTH CENTER,400 SOUTH SANTA FE AVENUE,SALINA,KS,67401,KS - Wichita,26,$25457.84,$6075.57,$5082.80
039 - EXTRACRANIAL PROCEDURES W/O CC/MCC,170013,HAYS MEDICAL CENTER,2220 CANTERBURY DRIVE,HAYS,KS,67601,KS - Wichita,16,$45477.87,$7485.12,$5702.93
039 - EXTRACRANIAL PROCEDURES W/O CC/MCC,170016,ST FRANCIS HEALTH CENTER INC,1700 SW 7TH STREET,TOPEKA,KS,66606,KS - Topeka,24,$17068.58,$5589.87,$4887.70
039 - EXTRACRANIAL PROCEDURES W/O CC/MCC,170020,HUTCHINSON REGIONAL MEDICAL CENTER INC,1701 E 23RD AVENUE,HUTCHINSON,KS,67502,KS - Wichita,30,$19810.83,$6588.23,$5336.76
039 - EXTRACRANIAL PROCEDURES W/O CC/MCC,170040,UNIVERSITY OF KANSAS HOSPITAL,3901 RAINBOW BLVD,KANSAS CITY,KS,66160,MO - Kansas City,26,$41190.73,$7305.38,$6361.53
039 - EXTRACRANIAL PROCEDURES W/O CC/MCC,170049,OLATHE MEDICAL CENTER,20375 W 151ST ST #303,OLATHE,KS,66061,MO - Kansas City,47,$11874.25,$5548.06,$4385.48
039 - EXTRACRANIAL PROCEDURES W/O CC/MCC,170086,STORMONT-VAIL HEALTHCARE,1500 SW 10TH ST,TOPEKA,KS,66604,KS - Topeka,34,$39971.26,$6348.29,$5059.32
039 - EXTRACRANIAL PROCEDURES W/O CC/MCC,170104,SHAWNEE MISSION MEDICAL CENTER,9100 W 74TH STREET,SHAWNEE MISSION,KS,66204,MO - Kansas City,56,$28878.64,$5622.50,$4596.75
039 - EXTRACRANIAL PROCEDURES W/O CC/MCC,170122,VIA CHRISTI HOSPITALS WICHITA INC,929 N ST FRANCIS ST,WICHITA,KS,67214,KS - Wichita,39,$22894.48,$6278.46,$5261.82
039 - EXTRACRANIAL PROCEDURES W/O CC/MCC,170123,WESLEY MEDICAL CENTER,550 N HILLSIDE ST,WICHITA,KS,67214,KS - Wichita,27,$36609.00,$7334.66,$5200.59
039 - EXTRACRANIAL PROCEDURES W/O CC/MCC,170142,MERCY REGIONAL HEALTH CENTER,1823 COLLEGE AVE,MANHATTAN,KS,66502,KS - Topeka,15,$20179.53,$5476.46,$4404.86
039 - EXTRACRANIAL PROCEDURES W/O CC/MCC,170182,MENORAH MEDICAL CENTER,5721 WEST 119TH STREET,OVERLAND PARK,KS,66209,MO - Kansas City,17,$38828.58,$6643.00,$4398.82
039 - EXTRACRANIAL PROCEDURES W/O CC/MCC,170186,KANSAS HEART HOSPITAL,3601 NORTH WEBB ROAD,WICHITA,KS,67226,KS - Wichita,190,$11746.63,$5332.51,$4311.03
039 - EXTRACRANIAL PROCEDURES W/O CC/MCC,170192,GALICHIA HEART HOSPITAL LLC,2610 N WOODLAWN,WICHITA,KS,67220,KS - Wichita,18,$17080.11,$5266.00,$4333.33
039 - EXTRACRANIAL PROCEDURES W/O CC/MCC,170195,HEARTLAND SURGICAL SPEC HOSPITAL,10720 NALL AVENUE,OVERLAND PARK,KS,66211,MO - Kansas City,12,$15452.41,$5513.00,$4577.66
039 - EXTRACRANIAL PROCEDURES W/O CC/MCC,170197,KANSAS MEDICAL CENTER LLC,1124 WEST 21ST STREET,ANDOVER,KS,67002,KS - Wichita,17,$21232.82,$5266.00,$4407.88
039 - EXTRACRANIAL PROCEDURES W/O CC/MCC,180009,KING'S DAUGHTERS' MEDICAL CENTER,2201 LEXINGTON AVENUE,ASHLAND,KY,41101,WV - Huntington,57,$32284.56,$6790.47,$5410.59
039 - EXTRACRANIAL PROCEDURES W/O CC/MCC,180010,SAINT JOSEPH HOSPITAL,ONE SAINT JOSEPH DRIVE,LEXINGTON,KY,40504,KY - Lexington,50,$18180.78,$5851.00,$4355.54
039 - EXTRACRANIAL PROCEDURES W/O CC/MCC,180012,HARDIN MEMORIAL HOSPITAL,913 NORTH DIXIE AVENUE,ELIZABETHTOWN,KY,42701,KY - Louisville,31,$13662.38,$5893.29,$4644.58
039 - EXTRACRANIAL PROCEDURES W/O CC/MCC,180013,THE MEDICAL CENTER AT BOWLING GREEN,250 PARK STREET,BOWLING GREEN,KY,42101,TN - Nashville,65,$18149.16,$6416.32,$5282.30
039 - EXTRACRANIAL PROCEDURES W/O CC/MCC,180027,MURRAY-CALLOWAY COUNTY HOSPITAL,803 POPLAR STREET,MURRAY,KY,42071,KY - Paducah,19,$14913.36,$5473.52,$4704.05
039 - EXTRACRANIAL PROCEDURES W/O CC/MCC,180035,ST ELIZABETH MEDICAL CENTER NORTH,401 EAST 20TH STREET,COVINGTON,KY,41014,KY - Covington,48,$19681.27,$6743.29,$4519.33
039 - EXTRACRANIAL PROCEDURES W/O CC/MCC,180038,OWENSBORO MEDICAL HEALTH SYSTEM,811 EAST PARRISH AVENUE,OWENSBORO,KY,42303,KY - Owensboro,28,$19748.35,$7503.46,$5772.67
039 - EXTRACRANIAL PROCEDURES W/O CC/MCC,180040,JEWISH HOSPITAL & ST MARY'S HEALTHCARE,200 ABRAHAM FLEXNER WAY,LOUISVILLE,KY,40202,KY - Louisville,46,$25198.52,$6806.47,$5427.26
039 - EXTRACRANIAL PROCEDURES W/O CC/MCC,180044,PIKEVILLE MEDICAL CENTER,911 BYPASS ROAD,PIKEVILLE,KY,41501,KY - Lexington,26,$34177.92,$7375.00,$6639.76
039 - EXTRACRANIAL PROCEDURES W/O CC/MCC,180048,EPHRAIM MCDOWELL REGIONAL MEDICAL CENTER,217 SOUTH THIRD STREET,DANVILLE,KY,40422,KY - Lexington,17,$16257.11,$6116.70,$5388.00
039 - EXTRACRANIAL PROCEDURES W/O CC/MCC,180051,JENNIE STUART MEDICAL CENTER,320 WEST 18TH STREET,HOPKINSVILLE,KY,42240,TN - Nashville,14,$15505.00,$5833.35,$4955.35
039 - EXTRACRANIAL PROCEDURES W/O CC/MCC,180067,UNIVERSITY OF KENTUCKY HOSPITAL,HOSPITAL ADMINISTRATION,LEXINGTON,KY,40536,KY - Lexington,22,$28477.95,$8706.13,$7391.72
039 - EXTRACRANIAL PROCEDURES W/O CC/MCC,180088,"NORTON HOSPITALS, INC",200 EAST CHESTNUT STREET,LOUISVILLE,KY,40202,KY - Louisville,68,$25952.23,$6795.35,$5730.42
039 - EXTRACRANIAL PROCEDURES W/O CC/MCC,180102,LOURDES HOSPITAL,1530 LONE OAK ROAD,PADUCAH,KY,42001,KY - Paducah,35,$18517.60,$5353.28,$4242.05
039 - EXTRACRANIAL PROCEDURES W/O CC/MCC,180103,CENTRAL BAPTIST HOSPITAL,1740 NICHOLASVILLE ROAD,LEXINGTON,KY,40503,KY - Lexington,84,$21124.14,$5932.16,$4984.50
039 - EXTRACRANIAL PROCEDURES W/O CC/MCC,180104,WESTERN BAPTIST HOSPITAL,2501 KENTUCKY AVENUE,PADUCAH,KY,42003,KY - Paducah,36,$28600.19,$5454.88,$4483.16
039 - EXTRACRANIAL PROCEDURES W/O CC/MCC,180130,BAPTIST HOSPITAL EAST,4000 KRESGE WAY,LOUISVILLE,KY,40207,KY - Louisville,66,$17891.93,$5356.62,$4232.01
039 - EXTRACRANIAL PROCEDURES W/O CC/MCC,180132,LAKE CUMBERLAND REGIONAL HOSPITAL,"305 LANGDON STREET, P O BOX 620",SOMERSET,KY,42502,KY - Lexington,16,$33830.50,$7764.31,$5179.31
039 - EXTRACRANIAL PROCEDURES W/O CC/MCC,190002,LAFAYETTE GENERAL MEDICAL CENTER,1214 COOLIDGE AVENUE,LAFAYETTE,LA,70503,LA - Lafayette,45,$20048.35,$6914.91,$4895.40
039 - EXTRACRANIAL PROCEDURES W/O CC/MCC,190004,THIBODAUX REGIONAL MEDICAL CENTER,602 N ACADIA ROAD,THIBODAUX,LA,70301,LA - Houma,35,$20590.91,$5471.68,$4141.48
039 - EXTRACRANIAL PROCEDURES W/O CC/MCC,190008,TERREBONNE GENERAL MEDICAL CENTER,8166 MAIN STREET,HOUMA,LA,70360,LA - Houma,12,$29967.83,$5778.66,$4843.33
039 - EXTRACRANIAL PROCEDURES W/O CC/MCC,190015,"NORTH OAKS MEDICAL CENTER, LLC",15790 PAUL VEGA MD DRIVE,HAMMOND,LA,70403,LA - Baton Rouge,19,$51236.10,$6379.63,$4810.31
039 - EXTRACRANIAL PROCEDURES W/O CC/MCC,190019,CHRISTUS ST FRANCES CABRINI HOSPITAL,3330 MASONIC DRIVE,ALEXANDRIA,LA,71301,LA - Alexandria,24,$29321.20,$5788.33,$4758.66
039 - EXTRACRANIAL PROCEDURES W/O CC/MCC,190026,RAPIDES REGIONAL MEDICAL CENTER,211 4TH STREET,ALEXANDRIA,LA,71301,LA - Alexandria,45,$50781.33,$7052.20,$5271.77
039 - EXTRACRANIAL PROCEDURES W/O CC/MCC,190027,CHRISTUS ST PATRICK HOSPITAL,524 DR MICHAEL DEBAKEY STREET,LAKE CHARLES,LA,70601,LA - Lake Charles,17,$35364.05,$8870.52,$4129.41
039 - EXTRACRANIAL PROCEDURES W/O CC/MCC,190036,OCHSNER FOUNDATION HOSPITAL,1516 JEFFERSON HWY,NEW ORLEANS,LA,70121,LA - New Orleans,16,$45992.00,$8159.56,$4747.75
039 - EXTRACRANIAL PROCEDURES W/O CC/MCC,190039,WEST JEFFERSON MEDICAL CENTER,1101 MEDICAL CENTER BLVD,MARRERO,LA,70072,LA - New Orleans,15,$49305.26,$7031.40,$5082.80
039 - EXTRACRANIAL PROCEDURES W/O CC/MCC,190040,SLIDELL MEMORIAL HOSPITAL AND MEDICAL CENTER,1001 GAUSE BLVD,SLIDELL,LA,70458,LA - Slidell,11,$39018.09,$5506.72,$4134.27
039 - EXTRACRANIAL PROCEDURES W/O CC/MCC,190041,CHRISTUS SCHUMPERT HEALTH SYSTEM,ONE ST MARY PLACE,SHREVEPORT,LA,71101,LA - Shreveport,11,$25752.90,$10501.81,$4435.36
039 - EXTRACRANIAL PROCEDURES W/O CC/MCC,190045,ST TAMMANY PARISH HOSPITAL,1202 S TYLER STREET,COVINGTON,LA,70433,LA - Metairie,19,$36367.36,$7639.05,$4704.68
039 - EXTRACRANIAL PROCEDURES W/O CC/MCC,190046,TOURO INFIRMARY,1401 FOUCHER STREET,NEW ORLEANS,LA,70115,LA - New Orleans,13,$35290.23,$7010.92,$5598.76
039 - EXTRACRANIAL PROCEDURES W/O CC/MCC,190060,LAKE CHARLES MEMORIAL HOSPITAL,1701 OAK PARK BLVD,LAKE CHARLES,LA,70601,LA - Lake Charles,14,$27285.21,$6379.64,$5254.50
039 - EXTRACRANIAL PROCEDURES W/O CC/MCC,190064,OUR LADY OF THE LAKE REGIONAL MEDICAL CENTER,5000 HENNESSY BLVD,BATON ROUGE,LA,70808,LA - Baton Rouge,80,$20987.01,$6527.02,$4826.70
039 - EXTRACRANIAL PROCEDURES W/O CC/MCC,190065,BATON ROUGE GENERAL MEDICAL CENTER,3600 FLORIDA STREET,BATON ROUGE,LA,70806,LA - Baton Rouge,27,$16632.33,$6606.62,$5107.96
039 - EXTRACRANIAL PROCEDURES W/O CC/MCC,190102,"OUR LADY OF LOURDES REGIONAL MEDICAL CENTER, INC",4801 AMBASSADOR CAFFERY PARKWAY,LAFAYETTE,LA,70508,LA - Lafayette,16,$22864.00,$5681.62,$4581.00
039 - EXTRACRANIAL PROCEDURES W/O CC/MCC,190111,WILLIS KNIGHTON MEDICAL CENTER,2600 GREENWOOD ROAD,SHREVEPORT,LA,71103,LA - Shreveport,33,$27845.87,$6359.21,$5010.45
039 - EXTRACRANIAL PROCEDURES W/O CC/MCC,190125,ST FRANCIS MEDICAL CENTER,309 JACKSON STREET,MONROE,LA,71201,LA - Monroe,32,$34134.31,$6174.06,$5052.06
039 - EXTRACRANIAL PROCEDURES W/O CC/MCC,190146,EAST JEFFERSON GENERAL HOSPITAL,4200 HOUMA BLVD,METAIRIE,LA,70006,LA - Metairie,19,$27083.57,$6234.00,$5226.21
039 - EXTRACRANIAL PROCEDURES W/O CC/MCC,190160,GLENWOOD REGIONAL MEDICAL CENTER,503 MCMILLAN ROAD,WEST MONROE,LA,71291,LA - Monroe,26,$37827.42,$5873.61,$4906.80
039 - EXTRACRANIAL PROCEDURES W/O CC/MCC,190177,LAKEVIEW REGIONAL MEDICAL CENTER,95 EAST FAIRWAY CENTER DRIVE,COVINGTON,LA,70433,LA - Metairie,13,$62214.15,$6070.23,$5032.69
039 - EXTRACRANIAL PROCEDURES W/O CC/MCC,190205,THE REGIONAL MEDICAL CENTER OF ACADIANA,2810 AMBASSADOR CAFFERY PARKWAY,LAFAYETTE,LA,70506,LA - Lafayette,43,$51507.48,$6785.69,$5689.97
039 - EXTRACRANIAL PROCEDURES W/O CC/MCC,190250,"LOUISIANA MEDICAL CENTER AND HEART HOSPITAL, LLC",64030 HIGHWAY 434,LACOMBE,LA,70445,LA - Slidell,48,$37828.52,$5411.83,$4475.16
039 - EXTRACRANIAL PROCEDURES W/O CC/MCC,190263,HEART HOSPITAL OF LAFAYETTE,1105 KALISTE SALOOM ROAD,LAFAYETTE,LA,70508,LA - Lafayette,110,$18758.55,$5348.60,$4115.00
039 - EXTRACRANIAL PROCEDURES W/O CC/MCC,200009,MAINE MEDICAL CENTER,22 BRAMHALL ST,PORTLAND,ME,4102,ME - Portland,91,$11722.21,$7322.59,$5794.60
039 - EXTRACRANIAL PROCEDURES W/O CC/MCC,200024,CENTRAL MAINE MEDICAL CENTER,300 MAIN STREET,LEWISTON,ME,4240,ME - Portland,39,$15717.82,$6361.28,$5470.51
039 - EXTRACRANIAL PROCEDURES W/O CC/MCC,200033,EASTERN MAINE MEDICAL CENTER,"489 STATE ST, PO BOX 404",BANGOR,ME,4401,ME - Bangor,75,$16001.94,$7225.66,$5446.48
039 - EXTRACRANIAL PROCEDURES W/O CC/MCC,210001,MERITUS MEDICAL CENTER,11116 MEDICAL CAMPUS ROAD,HAGERSTOWN,MD,21742,DC - Washington,28,$6495.89,$6106.14,$5225.85
039 - EXTRACRANIAL PROCEDURES W/O CC/MCC,210004,HOLY CROSS HOSPITAL,1500 FOREST GLEN ROAD,SILVER SPRING,MD,20910,MD - Takoma Park,12,$11580.16,$10885.08,$9847.41
039 - EXTRACRANIAL PROCEDURES W/O CC/MCC,210005,FREDERICK MEMORIAL HOSPITAL,400 WEST SEVENTH ST,FREDERICK,MD,21701,DC - Washington,16,$8113.00,$7626.12,$6645.62
039 - EXTRACRANIAL PROCEDURES W/O CC/MCC,210007,SAINT JOSEPH MEDICAL CENTER,7601 OSLER DRIVE,TOWSON,MD,21204,MD - Baltimore,24,$6774.25,$6462.33,$5228.08
039 - EXTRACRANIAL PROCEDURES W/O CC/MCC,210008,MERCY MEDICAL CENTER INC,301 ST PAUL PLACE,BALTIMORE,MD,21202,MD - Baltimore,22,$11013.40,$10352.72,$9533.81
039 - EXTRACRANIAL PROCEDURES W/O CC/MCC,210009,"JOHNS HOPKINS HOSPITAL, THE",600 NORTH  WOLFE STREET,BALTIMORE,MD,21287,MD - Baltimore,36,$13676.72,$12856.22,$11891.22
039 - EXTRACRANIAL PROCEDURES W/O CC/MCC,210011,SAINT AGNES HOSPITAL,WILKENS & CATON AVENUES,BALTIMORE,MD,21229,MD - Baltimore,27,$11332.77,$10652.88,$9823.85
039 - EXTRACRANIAL PROCEDURES W/O CC/MCC,210015,FRANKLIN SQUARE HOSPITAL CENTER,9000 FRANKLIN SQUARE DR,BALTIMORE,MD,21237,MD - Baltimore,81,$9103.14,$8596.79,$7340.71
039 - EXTRACRANIAL PROCEDURES W/O CC/MCC,210019,PENINSULA REGIONAL MEDICAL CENTER,100 E CARROLL AVE,SALISBURY,MD,21801,MD - Salisbury,62,$8782.88,$8331.82,$6968.25
039 - EXTRACRANIAL PROCEDURES W/O CC/MCC,210022,SUBURBAN HOSPITAL,8600 OLD GEORGETOWN RD,BETHESDA,MD,20814,DC - Washington,42,$11885.78,$11198.66,$10027.88
039 - EXTRACRANIAL PROCEDURES W/O CC/MCC,210023,ANNE ARUNDEL MEDICAL CENTER,2001 MEDICAL PARKWAY,ANNAPOLIS,MD,21401,DC - Washington,79,$6150.84,$5813.86,$4726.69
039 - EXTRACRANIAL PROCEDURES W/O CC/MCC,210027,WESTERN MARYLAND REGIONAL MEDICAL CENTER,12500 WILLOWBROOK ROAD,CUMBERLAND,MD,21502,DC - Washington,41,$9271.43,$8715.17,$7922.29
039 - EXTRACRANIAL PROCEDURES W/O CC/MCC,210029,JOHNS HOPKINS BAYVIEW MEDICAL CENTER,4940 EASTERN AVENUE,BALTIMORE,MD,21224,MD - Baltimore,11,$17955.63,$16878.45,$15855.18
039 - EXTRACRANIAL PROCEDURES W/O CC/MCC,210032,UNION HOSPITAL OF CECIL COUNTY,106 BOW STREET,ELKTON,MD,21921,DE - Wilmington,12,$13051.83,$12268.50,$11335.83
039 - EXTRACRANIAL PROCEDURES W/O CC/MCC,210033,CARROLL HOSPITAL CENTER,200 MEMORIAL AVE,WESTMINSTER,MD,21157,MD - Baltimore,30,$9376.90,$8829.00,$7742.33
039 - EXTRACRANIAL PROCEDURES W/O CC/MCC,210043,BALTIMORE WASHINGTON  MEDICAL CENTER,301 HOSPITAL DR,GLEN BURNIE,MD,21061,MD - Baltimore,42,$7807.97,$7393.28,$6166.92
039 - EXTRACRANIAL PROCEDURES W/O CC/MCC,210044,GREATER BALTIMORE MEDICAL CENTER,6701 NORTH  CHARLES STREET,BALTIMORE,MD,21204,MD - Baltimore,36,$7171.41,$6741.08,$5833.63
039 - EXTRACRANIAL PROCEDURES W/O CC/MCC,210048,HOWARD COUNTY GENERAL HOSPITAL,5755 CEDAR LANE,COLUMBIA,MD,21044,MD - Baltimore,11,$9530.81,$8958.90,$8250.18
039 - EXTRACRANIAL PROCEDURES W/O CC/MCC,210049,UPPER CHESAPEAKE MEDICAL CENTER,500 UPPER CHESAPEAKE DRIVE,BEL AIR,MD,21014,MD - Baltimore,56,$5981.05,$5711.55,$4348.53
039 - EXTRACRANIAL PROCEDURES W/O CC/MCC,210056,GOOD SAMARITAN HOSPITAL,5601 LOCH RAVEN BLVD,BALTIMORE,MD,21239,MD - Baltimore,15,$8636.86,$8194.13,$6793.33
039 - EXTRACRANIAL PROCEDURES W/O CC/MCC,210057,SHADY GROVE ADVENTIST HOSPITAL,9901 MEDICAL CTR DR,ROCKVILLE,MD,20850,DC - Washington,23,$8602.17,$8146.34,$6815.52
039 - EXTRACRANIAL PROCEDURES W/O CC/MCC,220001,"HEALTHALLIANCE HOSPITALS, INC",60 HOSPITAL ROAD,LEOMINSTER,MA,1453,MA - Worcester,14,$14929.42,$7414.42,$6365.57
039 - EXTRACRANIAL PROCEDURES W/O CC/MCC,220008,STURDY MEMORIAL HOSPITAL,211 PARK STREET,ATTLEBORO,MA,2703,RI - Providence,18,$14884.00,$7302.72,$4931.66
039 - EXTRACRANIAL PROCEDURES W/O CC/MCC,220012,CAPE COD HOSPITAL,88 LEWIS BAY ROAD,HYANNIS,MA,2601,MA - Boston,37,$17176.13,$8463.32,$7489.48
039 - EXTRACRANIAL PROCEDURES W/O CC/MCC,220033,BEVERLY HOSPITAL CORPORATION,85 HERRICK STREET,BEVERLY,MA,1915,MA - Boston,14,$12700.28,$7516.28,$5854.71
039 - EXTRACRANIAL PROCEDURES W/O CC/MCC,220035,NORTH SHORE MEDICAL CENTER,81 HIGHLAND AVENUE,SALEM,MA,1970,MA - Boston,31,$26927.19,$7374.96,$6432.77
039 - EXTRACRANIAL PROCEDURES W/O CC/MCC,220046,BERKSHIRE MEDICAL CENTER INC,725 NORTH STREET,PITTSFIELD,MA,1201,NY - Albany,29,$19110.44,$9233.62,$6425.44
039 - EXTRACRANIAL PROCEDURES W/O CC/MCC,220060,JORDAN HOSPITAL INC,275 SANDWICH STREET,PLYMOUTH,MA,2360,MA - Boston,18,$23619.83,$6833.00,$5772.77
039 - EXTRACRANIAL PROCEDURES W/O CC/MCC,220063,LOWELL GENERAL HOSPITAL,295 VARNUM AVENUE,LOWELL,MA,1854,MA - Boston,23,$14110.86,$7935.47,$6468.65
039 - EXTRACRANIAL PROCEDURES W/O CC/MCC,220071,MASSACHUSETTS GENERAL HOSPITAL,55 FRUIT STREET,BOSTON,MA,2114,MA - Boston,91,$46292.18,$9265.93,$8290.94
039 - EXTRACRANIAL PROCEDURES W/O CC/MCC,220074,"SOUTHCOAST HOSPITAL GROUP, INC",363 HIGHLAND AVENUE,FALL RIVER,MA,2720,MA - Boston,49,$23507.81,$7958.42,$5772.28
039 - EXTRACRANIAL PROCEDURES W/O CC/MCC,220077,BAYSTATE MEDICAL CENTER,759 CHESTNUT STREET,SPRINGFIELD,MA,1199,MA - Springfield,50,$19238.54,$8963.42,$7050.44
039 - EXTRACRANIAL PROCEDURES W/O CC/MCC,220080,HOLY FAMILY HOSPITAL,70 EAST STREET,METHUEN,MA,1844,MA - Boston,33,$15678.09,$6894.72,$5377.90
039 - EXTRACRANIAL PROCEDURES W/O CC/MCC,220082,SAINTS  MEDICAL CENTER INC,1 HOSPITAL DRIVE,LOWELL,MA,1852,MA - Boston,14,$16556.07,$7037.57,$5997.85
039 - EXTRACRANIAL PROCEDURES W/O CC/MCC,220086,BETH ISRAEL DEACONESS MEDICAL CENTER,330 BROOKLINE AVENUE,BOSTON,MA,2215,MA - Boston,54,$16529.98,$10300.50,$8943.53
039 - EXTRACRANIAL PROCEDURES W/O CC/MCC,220100,SOUTH SHORE HOSPITAL,55 FOGG ROAD,SOUTH WEYMOUTH,MA,2190,MA - Boston,14,$18007.92,$8159.07,$4760.57
039 - EXTRACRANIAL PROCEDURES W/O CC/MCC,220101,NEWTON-WELLESLEY HOSPITAL,2014 WASHINGTON STREET,NEWTON,MA,2462,MA - Boston,12,$38979.91,$6961.16,$6120.16
039 - EXTRACRANIAL PROCEDURES W/O CC/MCC,220110,BRIGHAM AND WOMEN'S HOSPITAL,75 FRANCIS STREET,BOSTON,MA,2115,MA - Boston,50,$51636.44,$9795.64,$8261.60
039 - EXTRACRANIAL PROCEDURES W/O CC/MCC,220111,GOOD SAMARITAN MEDICAL CENTER,235 NORTH PEARL STREET,BROCKTON,MA,2301,MA - Boston,24,$24429.95,$7697.66,$6755.66
039 - EXTRACRANIAL PROCEDURES W/O CC/MCC,220116,TUFTS MEDICAL CENTER,800 WASHINGTON STREET,BOSTON,MA,2111,MA - Boston,18,$31229.16,$11240.50,$9323.38
039 - EXTRACRANIAL PROCEDURES W/O CC/MCC,220126,NORWOOD HOSPITAL,800 WASHINGTON STREET,NORWOOD,MA,2062,MA - Boston,16,$9929.25,$6582.75,$5747.75
039 - EXTRACRANIAL PROCEDURES W/O CC/MCC,220135,FALMOUTH HOSPITAL,67 & 100 TER HEUN DRIVE,FALMOUTH,MA,2540,MA - Boston,17,$15441.11,$7024.00,$6030.82
039 - EXTRACRANIAL PROCEDURES W/O CC/MCC,220163,UMASS MEMORIAL MEDICAL CENTER INC,55 LAKE AVENUE NORTH,WORCESTER,MA,1655,MA - Worcester,51,$20124.50,$10010.11,$8451.01
039 - EXTRACRANIAL PROCEDURES W/O CC/MCC,220171,LAHEY CLINIC HOSPITAL,41 & 45 MALL ROAD,BURLINGTON,MA,1803,MA - Boston,23,$14741.95,$9084.21,$5813.86
039 - EXTRACRANIAL PROCEDURES W/O CC/MCC,220175,METROWEST MEDICAL CENTER,115 LINCOLN STREET,FRAMINGHAM,MA,1701,MA - Boston,17,$13692.35,$7494.70,$6638.47
039 - EXTRACRANIAL PROCEDURES W/O CC/MCC,220176,ST VINCENT HOSPITAL,123 SUMMER STREET,WORCESTER,MA,1608,MA - Worcester,15,$16418.40,$7966.00,$6991.33
039 - EXTRACRANIAL PROCEDURES W/O CC/MCC,230004,"MERCY HEALTH PARTNERS, MERCY CAMPUS",1500 E SHERMAN BOULEVARD,MUSKEGON,MI,49444,MI - Muskegon,53,$18694.90,$6323.88,$5303.03
039 - EXTRACRANIAL PROCEDURES W/O CC/MCC,230017,BRONSON METHODIST HOSPITAL,601 JOHN STREET,KALAMAZOO,MI,49007,MI - Kalamazoo,40,$20494.25,$7566.67,$6752.37
039 - EXTRACRANIAL PROCEDURES W/O CC/MCC,230019,PROVIDENCE HOSPITAL AND MEDICAL CENTERS,16001 W NINE MILE RD,SOUTHFIELD,MI,48075,MI - Royal Oak,14,$20386.28,$7385.92,$6417.92
039 - EXTRACRANIAL PROCEDURES W/O CC/MCC,230020,OAKWOOD HOSPITAL AND MEDICAL CENTER,18101 OAKWOOD BLVD,DEARBORN,MI,48124,MI - Dearborn,34,$34338.47,$7179.50,$6289.97
039 - EXTRACRANIAL PROCEDURES W/O CC/MCC,230021,"LAKELAND HOSPITAL, ST JOSEPH",1234 NAPIER AVENUE,ST JOSEPH,MI,49085,MI - St. Joseph,11,$19762.27,$6422.90,$5502.54
039 - EXTRACRANIAL PROCEDURES W/O CC/MCC,230029,ST JOSEPH MERCY OAKLAND,44405 WOODWARD AVE,PONTIAC,MI,48341,MI - Pontiac,22,$31944.31,$7666.27,$6850.27
039 - EXTRACRANIAL PROCEDURES W/O CC/MCC,230031,ST JOSEPH MERCY PORT HURON,2601 ELECTRIC AVENUE,PORT HURON,MI,48060,MI - Detroit,18,$22357.55,$6001.66,$4281.77
039 - EXTRACRANIAL PROCEDURES W/O CC/MCC,230036,ALPENA REGIONAL MEDICAL CENTER,1501 W CHISHOLM ST,ALPENA,MI,49707,MI - Saginaw,23,$14654.34,$7015.00,$5995.34
039 - EXTRACRANIAL PROCEDURES W/O CC/MCC,230038,SPECTRUM HEALTH - BUTTERWORTH CAMPUS,100 MICHIGAN ST NE,GRAND RAPIDS,MI,49503,MI - Grand Rapids,70,$15543.24,$7884.64,$6205.30
039 - EXTRACRANIAL PROCEDURES W/O CC/MCC,230041,MCLAREN BAY REGION,1900 COLUMBUS AVE,BAY CITY,MI,48708,MI - Saginaw,56,$21735.21,$5819.58,$4876.37
039 - EXTRACRANIAL PROCEDURES W/O CC/MCC,230046,UNIVERSITY OF MICHIGAN HEALTH SYSTEM,"1500 E MEDICAL CENTER DRIVE, SPC 5474",ANN ARBOR,MI,48109,MI - Ann Arbor,50,$22439.90,$9834.92,$7797.68
039 - EXTRACRANIAL PROCEDURES W/O CC/MCC,230047,HENRY FORD MACOMB HOSPITAL,15855 NINETEEN MILE RD,CLINTON TOWNSHI,MI,48038,MI - Detroit,26,$26024.88,$6293.92,$5517.61
039 - EXTRACRANIAL PROCEDURES W/O CC/MCC,230054,MARQUETTE GENERAL HOSPITAL,420 W MAGNETIC,MARQUETTE,MI,49855,MI - Marquette,30,$19283.43,$7267.70,$6331.83
039 - EXTRACRANIAL PROCEDURES W/O CC/MCC,230070,"COVENANT MEDICAL CENTER, INC",1447 N HARRISON,SAGINAW,MI,48602,MI - Saginaw,25,$22537.40,$6469.12,$5523.36
039 - EXTRACRANIAL PROCEDURES W/O CC/MCC,230075,BRONSON BATTLE CREEK HOSPITAL,300 NORTH AVENUE,BATTLE CREEK,MI,49017,MI - Kalamazoo,17,$25653.29,$6187.94,$5142.05
039 - EXTRACRANIAL PROCEDURES W/O CC/MCC,230077,ST MARY'S OF MICHIGAN MEDICAL CENTER,800 S WASHINGTON AVENU,SAGINAW,MI,48601,MI - Saginaw,49,$16385.10,$6423.32,$5414.02
039 - EXTRACRANIAL PROCEDURES W/O CC/MCC,230089,"BEAUMONT HOSPITAL, GROSSE POINTE",468 CADIEUX RD,GROSSE POINTE,MI,48230,MI - Detroit,12,$24093.50,$6239.33,$4790.33
039 - EXTRACRANIAL PROCEDURES W/O CC/MCC,230092,ALLEGIANCE HEALTH,205 N EAST AVE,JACKSON,MI,49201,MI - Ann Arbor,22,$20394.50,$6364.13,$4986.81
039 - EXTRACRANIAL PROCEDURES W/O CC/MCC,230097,MUNSON MEDICAL CENTER,1105 SIXTH STREET,TRAVERSE CITY,MI,49684,MI - Traverse City,92,$15254.57,$7236.39,$5723.27
039 - EXTRACRANIAL PROCEDURES W/O CC/MCC,230104,HARPER UNIVERSITY HOSPITAL,3990 JOHN R STREET,DETROIT,MI,48201,MI - Detroit,17,$27379.88,$10062.76,$9139.94
039 - EXTRACRANIAL PROCEDURES W/O CC/MCC,230105,NORTHERN MICHIGAN REGIONAL HOSPITAL,416 CONNABLE AVE,PETOSKEY,MI,49770,MI - Petoskey,68,$13731.89,$6737.00,$5814.64
039 - EXTRACRANIAL PROCEDURES W/O CC/MCC,230117,BORGESS MEDICAL CENTER,1521 GULL ROAD,KALAMAZOO,MI,49048,MI - Kalamazoo,63,$28822.95,$7301.76,$5596.30
039 - EXTRACRANIAL PROCEDURES W/O CC/MCC,230130,WILLIAM BEAUMONT HOSPITAL,3601 W THIRTEEN MILE RD,ROYAL OAK,MI,48073,MI - Royal Oak,64,$22950.46,$7543.17,$5886.01
039 - EXTRACRANIAL PROCEDURES W/O CC/MCC,230141,MCLAREN FLINT,401 S BALLENGER HIGHWAY,FLINT,MI,48532,MI - Flint,36,$26176.02,$7306.27,$6245.16
039 - EXTRACRANIAL PROCEDURES W/O CC/MCC,230146,HENRY FORD WYANDOTTE HOSPITAL,2333 BIDDLE AVE,WYANDOTTE,MI,48192,MI - Dearborn,19,$25710.78,$6327.68,$5439.05
039 - EXTRACRANIAL PROCEDURES W/O CC/MCC,230151,BOTSFORD HOSPITAL,28050 GRAND RIVER AVENUE,FARMINGTON HILL,MI,48336,MI - Ann Arbor,23,$16450.91,$8475.00,$6895.52
039 - EXTRACRANIAL PROCEDURES W/O CC/MCC,230156,ST JOSEPH MERCY HOSPITAL,5301 E HURON RIVER DR,ANN ARBOR,MI,48106,MI - Ann Arbor,49,$31979.65,$6600.12,$5552.59
039 - EXTRACRANIAL PROCEDURES W/O CC/MCC,230165,ST JOHN HOSPITAL AND MEDICAL CENTER,22101 MOROSS RD,DETROIT,MI,48236,MI - Detroit,32,$27995.59,$7926.62,$6459.46
039 - EXTRACRANIAL PROCEDURES W/O CC/MCC,230167,MCLAREN - GREATER LANSING,401 W GREENLAWN AVE,LANSING,MI,48910,MI - Lansing,25,$17711.48,$6997.72,$5683.08
039 - EXTRACRANIAL PROCEDURES W/O CC/MCC,230195,ST JOHN MACOMB-OAKLAND HOSPITAL-MACOMB CENTER,11800 EAST TWELVE MILE ROAD,WARREN,MI,48093,MI - Detroit,14,$23259.85,$6661.78,$5707.50
039 - EXTRACRANIAL PROCEDURES W/O CC/MCC,230197,GENESYS REGIONAL MEDICAL CENTER - HEALTH PARK,ONE GENESYS PARKWAY,GRAND BLANC,MI,48439,MI - Flint,45,$24363.53,$7618.20,$6596.77
039 - EXTRACRANIAL PROCEDURES W/O CC/MCC,230216,PORT HURON HOSPITAL,1221 PINE GROVE AVE,PORT HURON,MI,48060,MI - Detroit,23,$18607.73,$5952.08,$4828.43
039 - EXTRACRANIAL PROCEDURES W/O CC/MCC,230222,MIDMICHIGAN MEDICAL CENTER-MIDLAND,4000 WELLNESS DRIVE,MIDLAND,MI,48670,MI - Saginaw,22,$17693.45,$6807.95,$5989.04
039 - EXTRACRANIAL PROCEDURES W/O CC/MCC,230227,MOUNT CLEMENS REGIONAL MEDICAL CENTER,1000 HARRINGTON BLVD,MOUNT CLEMENS,MI,48043,MI - Detroit,28,$27193.89,$6684.85,$5761.85
039 - EXTRACRANIAL PROCEDURES W/O CC/MCC,230230,EDWARD W SPARROW HOSPITAL,1215 E MICHIGAN AVENUE,LANSING,MI,48912,MI - Lansing,17,$28022.64,$7463.76,$6664.70
039 - EXTRACRANIAL PROCEDURES W/O CC/MCC,230236,METRO HEALTH HOSPITAL,"5900 BYRON CENTER AVENUE, SW",WYOMING,MI,49519,MI - Grand Rapids,25,$19195.36,$8599.56,$5507.24
039 - EXTRACRANIAL PROCEDURES W/O CC/MCC,230244,GARDEN CITY HOSPITAL,6245 INKSTER RD,GARDEN CITY,MI,48135,MI - Dearborn,21,$12591.04,$7145.33,$6288.95
039 - EXTRACRANIAL PROCEDURES W/O CC/MCC,230254,CRITTENTON HOSPITAL MEDICAL CENTER,1101 W UNIVERSITY DRIVE,ROCHESTER,MI,48307,MI - Royal Oak,13,$21591.76,$6608.46,$4883.00
039 - EXTRACRANIAL PROCEDURES W/O CC/MCC,230269,WILLIAM BEAUMONT HOSPITAL-TROY,44201 DEQUINDRE ROAD,TROY,MI,48085,MI - Royal Oak,42,$17569.95,$6303.11,$5158.09
039 - EXTRACRANIAL PROCEDURES W/O CC/MCC,230277,HURON VALLEY-SINAI HOSPITAL,ONE WILLIAM CARLS DRIVE,COMMERCE TOWNSH,MI,48382,MI - Pontiac,15,$31908.66,$7582.93,$5140.66
039 - EXTRACRANIAL PROCEDURES W/O CC/MCC,240001,NORTH MEMORIAL MEDICAL CENTER,3300 OAKDALE NORTH,ROBBINSDALE,MN,55422,MN - Minneapolis,23,$28847.95,$6678.91,$6046.04
039 - EXTRACRANIAL PROCEDURES W/O CC/MCC,240002,ESSENTIA HEALTH ST MARY'S MEDICAL CENTER,407 E 3RD ST,DULUTH,MN,55805,MN - Duluth,37,$17597.54,$6791.35,$5876.10
039 - EXTRACRANIAL PROCEDURES W/O CC/MCC,240010,MAYO CLINIC - SAINT MARYS HOSPITAL,1216 SECOND STREET WEST,ROCHESTER,MN,55902,MN - Rochester,72,$25844.83,$8031.65,$6465.80
039 - EXTRACRANIAL PROCEDURES W/O CC/MCC,240036,ST CLOUD HOSPITAL,1406 6TH AVE NORTH,SAINT CLOUD,MN,56303,MN - St. Cloud,54,$21249.25,$7831.68,$6817.64
039 - EXTRACRANIAL PROCEDURES W/O CC/MCC,240047,ST LUKES HOSPITAL,915 E 1ST ST,DULUTH,MN,55805,MN - Duluth,14,$33972.07,$8047.35,$5276.50
039 - EXTRACRANIAL PROCEDURES W/O CC/MCC,240053,PARK NICOLLET METHODIST HOSPITAL,6500 EXCELSIOR BLVD,SAINT LOUIS PAR,MN,55426,MN - Minneapolis,25,$17466.44,$6381.72,$5479.96
039 - EXTRACRANIAL PROCEDURES W/O CC/MCC,240057,ABBOTT NORTHWESTERN HOSPITAL,800 EAST 28TH STREET,MINNEAPOLIS,MN,55407,MN - Minneapolis,42,$34628.73,$7602.57,$5427.45
039 - EXTRACRANIAL PROCEDURES W/O CC/MCC,240063,ST JOSEPH'S HOSPITAL,45 WEST 10TH STREET,SAINT PAUL,MN,55102,MN - St. Paul,14,$51058.64,$13234.35,$4930.28
039 - EXTRACRANIAL PROCEDURES W/O CC/MCC,240078,FAIRVIEW SOUTHDALE HOSPITAL,6401 FRANCE AVENUE SOUTH,EDINA,MN,55435,MN - Minneapolis,65,$17139.52,$6216.76,$5012.50
039 - EXTRACRANIAL PROCEDURES W/O CC/MCC,240088,RICE MEMORIAL HOSPITAL,301 BECKER AVE SW,WILLMAR,MN,56201,MN - Minneapolis,15,$12607.73,$7529.80,$6479.66
039 - EXTRACRANIAL PROCEDURES W/O CC/MCC,240093,MAYO CLINIC HEALTH SYSTEM - MANKATO,1025 MARSH STREET BOX 8673,MANKATO,MN,56002,MN - Minneapolis,11,$15378.63,$7211.00,$5248.00
039 - EXTRACRANIAL PROCEDURES W/O CC/MCC,240100,SANFORD BEMIDJI MEDICAL CENTER,1300 ANNE ST NW,BEMIDJI,MN,56601,ND - Fargo/Moorhead MN,13,$14996.30,$6425.69,$5390.61
039 - EXTRACRANIAL PROCEDURES W/O CC/MCC,240106,REGIONS HOSPITAL,640 JACKSON STREET,SAINT PAUL,MN,55101,MN - St. Paul,26,$32270.19,$8478.19,$7486.65
039 - EXTRACRANIAL PROCEDURES W/O CC/MCC,240115,MERCY HOSPITAL,4050 COON RAPIDS BLVD,COON RAPIDS,MN,55433,MN - Minneapolis,34,$28506.64,$7288.58,$5192.00
039 - EXTRACRANIAL PROCEDURES W/O CC/MCC,250001,UNIVERSITY OF MISSISSIPPI MED CENTER,2500 N STATE ST,JACKSON,MS,39216,MS - Jackson,11,$20600.18,$10017.36,$6677.54
039 - EXTRACRANIAL PROCEDURES W/O CC/MCC,250004,NORTH MISSISSIPPI MEDICAL CENTER,830 S GLOSTER,TUPELO,MS,38801,MS - Tupelo,100,$15615.08,$6370.63,$4956.07
039 - EXTRACRANIAL PROCEDURES W/O CC/MCC,250009,MAGNOLIA REGIONAL HEALTH CENTER,611 ALCORN DRIVE,CORINTH,MS,38834,TN - Memphis,36,$24757.58,$5848.66,$4970.88
039 - EXTRACRANIAL PROCEDURES W/O CC/MCC,250019,MEMORIAL HOSPITAL AT GULFPORT,4500 13TH ST-P O BOX 1810,GULFPORT,MS,39502,MS - Gulfport,72,$32590.63,$6275.09,$5308.76
039 - EXTRACRANIAL PROCEDURES W/O CC/MCC,250031,RIVER REGION HEALTH SYSTEM,2100 HWY 61 N,VICKSBURG,MS,39183,MS - Jackson,17,$56501.88,$6593.29,$5250.41
039 - EXTRACRANIAL PROCEDURES W/O CC/MCC,250034,BAPTIST MEMORIAL HOSPITAL NORTH MS,2301 SOUTH LAMAR,OXFORD,MS,38655,MS - Oxford,38,$16094.73,$6068.05,$5118.15
039 - EXTRACRANIAL PROCEDURES W/O CC/MCC,250040,SINGING RIVER HOSPITAL,2809 DENNY AV,PASCAGOULA,MS,39581,AL - Mobile,24,$47045.12,$5768.25,$4830.25
039 - EXTRACRANIAL PROCEDURES W/O CC/MCC,250048,ST DOMINIC-JACKSON MEMORIAL HOSPITAL,969 LAKELAND DR,JACKSON,MS,39216,MS - Jackson,59,$23840.42,$6025.01,$4414.54
039 - EXTRACRANIAL PROCEDURES W/O CC/MCC,250069,RUSH FOUNDATION HOSPITAL,1314 19TH AVE,MERIDIAN,MS,39301,MS - Meridian,14,$19534.85,$6310.42,$4141.21
039 - EXTRACRANIAL PROCEDURES W/O CC/MCC,250078,FORREST GENERAL HOSPITAL,6051 US HIGHWAY 49,HATTIESBURG,MS,39404,MS - Hattiesburg,93,$16732.33,$6312.64,$5235.22
039 - EXTRACRANIAL PROCEDURES W/O CC/MCC,250094,WESLEY MEDICAL CENTER,5001 W HARDY ST,HATTIESBURG,MS,39402,MS - Hattiesburg,17,$36666.05,$6034.94,$5112.11
039 - EXTRACRANIAL PROCEDURES W/O CC/MCC,250100,BAPTIST MEM HOSP/GOLDEN TRIANGLE INC,2520 5TH ST N,COLUMBUS,MS,39701,MS - Tupelo,16,$26736.18,$6094.75,$5316.50
039 - EXTRACRANIAL PROCEDURES W/O CC/MCC,450651,MEDICAL CENTER OF PLANO,3901 W 15TH ST,PLANO,TX,75075,TX - Dallas,14,$43531.42,$5994.00,$5111.42
039 - EXTRACRANIAL PROCEDURES W/O CC/MCC,250102,MISSISSIPPI BAPTIST MEDICAL CENTER,1225 N STATE ST,JACKSON,MS,39202,MS - Jackson,64,$16572.90,$5519.29,$4137.06
039 - EXTRACRANIAL PROCEDURES W/O CC/MCC,250104,ANDERSON REGIONAL MEDICAL CENTER,2124 14 ST,MERIDIAN,MS,39301,MS - Meridian,14,$34301.92,$5734.57,$4773.42
039 - EXTRACRANIAL PROCEDURES W/O CC/MCC,250141,BAPTIST MEMORIAL HOSPITAL DESOTO,7601 SOUTHCREST DR,SOUTHAVEN,MS,38671,TN - Memphis,13,$24547.23,$6081.23,$5061.07
039 - EXTRACRANIAL PROCEDURES W/O CC/MCC,260001,ST JOHN'S REGIONAL MEDICAL CENTER,2817 ST JOHNS BLVD,JOPLIN,MO,64801,MO - Joplin,56,$15148.83,$5800.48,$4800.37
039 - EXTRACRANIAL PROCEDURES W/O CC/MCC,260005,SSM ST JOSEPH HEALTH CENTER,300 1ST CAPITOL DR,SAINT CHARLES,MO,63301,MO - St. Louis,24,$18893.54,$6059.33,$5405.66
039 - EXTRACRANIAL PROCEDURES W/O CC/MCC,260006,HEARTLAND REGIONAL MEDICAL CENTER,5325 FARAON STREET,SAINT JOSEPH,MO,64506,MO - Kansas City,32,$21196.62,$8452.81,$6167.68
039 - EXTRACRANIAL PROCEDURES W/O CC/MCC,260009,BOTHWELL REGIONAL HEALTH CENTER,601 E 14TH ST,SEDALIA,MO,65302,MO - Columbia,14,$11025.57,$5382.50,$4261.92
039 - EXTRACRANIAL PROCEDURES W/O CC/MCC,260020,MERCY HOSPITAL ST LOUIS,615 NEW BALLAS ROAD,SAINT LOUIS,MO,63141,MO - St. Louis,27,$22819.25,$6028.96,$4943.62
039 - EXTRACRANIAL PROCEDURES W/O CC/MCC,260025,HANNIBAL REGIONAL HOSPITAL,6000 HOSPITAL DR,HANNIBAL,MO,63401,MO - Columbia,14,$29222.00,$6708.50,$5902.21
039 - EXTRACRANIAL PROCEDURES W/O CC/MCC,260027,RESEARCH MEDICAL CENTER,2316 E MEYER BLVD,KANSAS CITY,MO,64132,MO - Kansas City,19,$41765.63,$6473.00,$5529.84
039 - EXTRACRANIAL PROCEDURES W/O CC/MCC,260032,BARNES JEWISH HOSPITAL,ONE BARNES-JEWISH HOSPITAL PLAZA,SAINT LOUIS,MO,63110,MO - St. Louis,32,$21531.71,$8629.81,$6126.53
039 - EXTRACRANIAL PROCEDURES W/O CC/MCC,260040,COX MEDICAL CENTER,3801 SOUTH NATIONAL AVENUE,SPRINGFIELD,MO,65807,MO - Springfield,45,$18411.82,$6014.97,$5016.91
039 - EXTRACRANIAL PROCEDURES W/O CC/MCC,260047,CAPITAL REGION MEDICAL CENTER,1125 MADISON ST,JEFFERSON CITY,MO,65102,MO - Columbia,46,$20238.00,$6211.65,$5001.02
039 - EXTRACRANIAL PROCEDURES W/O CC/MCC,260065,ST JOHN'S REGIONAL HEALTH CENTER,1235 E CHEROKEE,SPRINGFIELD,MO,65804,MO - Springfield,67,$27612.00,$5797.19,$4942.20
039 - EXTRACRANIAL PROCEDURES W/O CC/MCC,260068,BOONE HOSPITAL CENTER,1600 E BROADWAY,COLUMBIA,MO,65201,MO - Columbia,111,$12889.36,$5066.52,$4065.29
039 - EXTRACRANIAL PROCEDURES W/O CC/MCC,260077,ST ANTHONY'S MEDICAL CENTER,10010 KENNERLY ROAD,SAINT LOUIS,MO,63128,MO - St. Louis,22,$19067.63,$5344.45,$4008.68
039 - EXTRACRANIAL PROCEDURES W/O CC/MCC,260085,ST JOSEPH MEDICAL CENTER,1000 CARONDELET DR,KANSAS CITY,MO,64114,MO - Kansas City,26,$25976.26,$5932.65,$4134.30
039 - EXTRACRANIAL PROCEDURES W/O CC/MCC,260091,SSM ST MARYS HEALTH CENTER,6420 CLAYTON RD,RICHMOND HEIGHT,MO,63117,MO - St. Louis,11,$25351.45,$7884.00,$6863.63
039 - EXTRACRANIAL PROCEDURES W/O CC/MCC,260095,"CENTERPOINT MEDICAL CENTER OF INDEPENDENCE, LLC",19600 EAST 39TH STREET,INDEPENDENCE,MO,64057,MO - Kansas City,19,$41315.00,$5784.36,$5076.15
039 - EXTRACRANIAL PROCEDURES W/O CC/MCC,260096,NORTH KANSAS CITY HOSPITAL,2800 CLAY EDWARDS DRIVE,NORTH KANSAS CI,MO,64116,MO - Kansas City,56,$19609.51,$5586.64,$4600.85
039 - EXTRACRANIAL PROCEDURES W/O CC/MCC,260104,SSM DEPAUL HEALTH CENTER,12303 DEPAUL DRIVE,BRIDGETON,MO,63044,MO - St. Louis,17,$19240.29,$6192.64,$5277.35
039 - EXTRACRANIAL PROCEDURES W/O CC/MCC,260108,MISSOURI BAPTIST MEDICAL CENTER,3015 N BALLAS RD,TOWN AND COUNTR,MO,63131,MO - St. Louis,43,$15047.79,$5568.83,$4213.86
039 - EXTRACRANIAL PROCEDURES W/O CC/MCC,260110,SOUTHEAST MISSOURI HOSPITAL,1701 LACEY ST,CAPE GIRARDEAU,MO,63701,MO - Cape Girardeau,37,$42454.29,$5841.83,$4720.86
039 - EXTRACRANIAL PROCEDURES W/O CC/MCC,260119,POPLAR BLUFF REGIONAL MEDICAL CENTER,2620 N WESTWOOD BLVD,POPLAR BLUFF,MO,63901,MO - St. Louis,27,$75192.51,$6491.85,$5616.14
039 - EXTRACRANIAL PROCEDURES W/O CC/MCC,260137,FREEMAN HEALTH SYSTEM - FREEMAN WEST,1102 WEST 32ND STREET,JOPLIN,MO,64804,MO - Joplin,54,$23523.01,$6018.42,$4923.46
039 - EXTRACRANIAL PROCEDURES W/O CC/MCC,260138,ST LUKES HOSPITAL OF KANSAS CITY,4401 WORNALL ROAD,KANSAS CITY,MO,64111,MO - Kansas City,38,$41915.02,$6933.92,$5980.34
039 - EXTRACRANIAL PROCEDURES W/O CC/MCC,260141,UNIVERSITY OF MISSOURI HEALTH CARE,"ONE HOSPITAL DRIVE, ROOM CE121, DC031,00",COLUMBIA,MO,65201,MO - Columbia,16,$29369.18,$7517.37,$6680.00
039 - EXTRACRANIAL PROCEDURES W/O CC/MCC,260176,DES PERES HOSPITAL,2345 DOUGHERTY FERRY ROAD,SAINT LOUIS,MO,63122,MO - St. Louis,23,$30790.17,$5893.56,$4964.00
039 - EXTRACRANIAL PROCEDURES W/O CC/MCC,260177,LIBERTY HOSPITAL,2525 GLENN HENDREN DR,LIBERTY,MO,64069,MO - Kansas City,28,$20889.92,$5231.17,$4210.53
039 - EXTRACRANIAL PROCEDURES W/O CC/MCC,260179,ST LUKES HOSPITAL,232 S WOODS MILL RD,CHESTERFIELD,MO,63017,MO - St. Louis,61,$18307.11,$5947.81,$4522.14
039 - EXTRACRANIAL PROCEDURES W/O CC/MCC,260180,CHRISTIAN HOSPITAL NORTHEAST,11133 DUNN ROAD,SAINT LOUIS,MO,63136,MO - St. Louis,18,$16135.50,$6141.83,$4686.00
039 - EXTRACRANIAL PROCEDURES W/O CC/MCC,260183,ST FRANCIS MEDICAL CENTER,211 ST FRANCIS DR,CAPE GIRARDEAU,MO,63703,MO - Cape Girardeau,36,$32259.00,$6408.16,$4977.25
039 - EXTRACRANIAL PROCEDURES W/O CC/MCC,260186,LAKE REGIONAL HEALTH SYSTEM,54 HOSPITAL DRIVE,OSAGE BEACH,MO,65065,MO - Columbia,11,$26651.00,$7083.18,$6057.00
039 - EXTRACRANIAL PROCEDURES W/O CC/MCC,270004,BILLINGS CLINIC HOSPITAL,2800 10TH AVE N,BILLINGS,MT,59101,MT - Billings,33,$14227.39,$6339.30,$5452.27
039 - EXTRACRANIAL PROCEDURES W/O CC/MCC,270012,BENEFIS HOSPITALS INC,1101 26TH ST S,GREAT FALLS,MT,59405,MT - Great Falls,59,$20515.96,$6619.44,$5782.30
039 - EXTRACRANIAL PROCEDURES W/O CC/MCC,270014,ST PATRICK HOSPITAL,500 W BROADWAY,MISSOULA,MT,59806,MT - Missoula,34,$22178.94,$5697.38,$4802.20
039 - EXTRACRANIAL PROCEDURES W/O CC/MCC,270049,ST VINCENT HEALTHCARE,1233 N 30TH ST,BILLINGS,MT,59107,MT - Billings,31,$16555.54,$7078.22,$5278.74
039 - EXTRACRANIAL PROCEDURES W/O CC/MCC,270051,KALISPELL REGIONAL MEDICAL CENTER,310 SUNNYVIEW LANE,KALISPELL,MT,59901,MT - Missoula,17,$17520.05,$6144.70,$5157.17
039 - EXTRACRANIAL PROCEDURES W/O CC/MCC,280003,BRYANLGH MEDICAL CENTER,1600 SOUTH 48TH ST,LINCOLN,NE,68506,NE - Lincoln,48,$23809.12,$6537.50,$4875.52
039 - EXTRACRANIAL PROCEDURES W/O CC/MCC,280009,GOOD SAMARITAN HOSPITAL,"P O BOX 1990, 10 EAST 31ST ST",KEARNEY,NE,68848,NE - Omaha,31,$18298.54,$7224.67,$6283.51
039 - EXTRACRANIAL PROCEDURES W/O CC/MCC,280013,THE NEBRASKA MEDICAL CENTER,987400 NEBRASKA MEDICAL CENTER,OMAHA,NE,68198,NE - Omaha,18,$28566.72,$7563.77,$6501.77
039 - EXTRACRANIAL PROCEDURES W/O CC/MCC,280040,THE NEBRASKA METHODIST HOSPITAL,8303 DODGE ST,OMAHA,NE,68114,NE - Omaha,24,$21959.62,$6408.33,$4514.00
039 - EXTRACRANIAL PROCEDURES W/O CC/MCC,280060,ALEGENT HEALTH BERGAN MERCY MEDICAL CENTER,7500 MERCY RD,OMAHA,NE,68124,NE - Omaha,28,$27950.03,$6072.82,$5193.67
039 - EXTRACRANIAL PROCEDURES W/O CC/MCC,280061,REGIONAL WEST MEDICAL CENTER,4021 AVE B,SCOTTSBLUFF,NE,69361,CO - Denver,16,$35408.75,$8984.56,$5905.75
039 - EXTRACRANIAL PROCEDURES W/O CC/MCC,280081,ALEGENT HEALTH IMMANUEL MEDICAL CENTER,6901 NORTH 72ND ST,OMAHA,NE,68122,NE - Omaha,11,$28984.45,$6710.81,$5602.09
